video_id,video_title,video_published_at,comment_id,published_at,like_count,text,char_len,word_count,clean_text,dropped_reason
jokAXdH2IQ0,African Tribes Try American Candy!! Guess Which One They HATE!!,2022-04-02T12:30:20Z,UgzVUtCfUoFUn-zRrhB4AaABAg,2025-09-23T19:39:09Z,0,"""Looks like the guys here can save a lot of money on Valentines Day""......Good one!",83,15,"""Looks like the guys here can save a lot of money on Valentines Day""......Good one!",noise_only
jokAXdH2IQ0,African Tribes Try American Candy!! Guess Which One They HATE!!,2022-04-02T12:30:20Z,UgzevwLKf8_iwsCjS-R4AaABAg,2025-09-20T16:40:28Z,0,The way your said choking hazard scared me (I've eaten kinder garden before ğŸ’€ğŸ’€ğŸ’€ğŸ’€ğŸ’€),82,14,The way your said choking hazard scared me (I've eaten kinder garden before ğŸ’€ğŸ’€ğŸ’€ğŸ’€ğŸ’€),noise_only
jokAXdH2IQ0,African Tribes Try American Candy!! Guess Which One They HATE!!,2022-04-02T12:30:20Z,Ugzif3kQmuWkcDWiZdR4AaABAg,2025-09-20T16:35:07Z,0,"As a Zambian,  we haven't tried it but i love it ğŸ˜ğŸ˜ğŸ˜ğŸ˜ğŸ˜",54,12,"As a Zambian, we haven't tried it but i love it ğŸ˜ğŸ˜ğŸ˜ğŸ˜ğŸ˜",noise_only
jokAXdH2IQ0,African Tribes Try American Candy!! Guess Which One They HATE!!,2022-04-02T12:30:20Z,Ugzh7n5N5aOXrfzkESd4AaABAg,2025-09-20T02:34:29Z,0,Ghana,5,1,Ghana,too_short_words
jokAXdH2IQ0,African Tribes Try American Candy!! Guess Which One They HATE!!,2022-04-02T12:30:20Z,UgwO27gyBo4WaB5f3j94AaABAg,2025-09-19T22:26:02Z,0,Africa,6,1,Africa,too_short_words
jokAXdH2IQ0,African Tribes Try American Candy!! Guess Which One They HATE!!,2022-04-02T12:30:20Z,UgyKzXNiIzGVPUtxswZ4AaABAg,2025-09-14T01:53:58Z,0,W0w,3,1,W0w,too_short_words
jokAXdH2IQ0,African Tribes Try American Candy!! Guess Which One They HATE!!,2022-04-02T12:30:20Z,UgxgmJKp0kyU72keYix4AaABAg,2025-09-09T16:07:18Z,0,5:32,4,1,5:32,too_short_words
jokAXdH2IQ0,African Tribes Try American Candy!! Guess Which One They HATE!!,2022-04-02T12:30:20Z,UgzK1huCi3M7MyY2Zed4AaABAg,2025-09-01T02:01:23Z,0,Should give them warheads or Cry Baby gum !!!!!!,48,9,Should give them warheads or Cry Baby gum !!!!!!,noise_only
jokAXdH2IQ0,African Tribes Try American Candy!! Guess Which One They HATE!!,2022-04-02T12:30:20Z,Ugx0TSoA8ESFTj3BKKV4AaABAg,2025-08-30T15:27:47Z,0,âœ“âƒ WowğŸ˜Š,7,2,âœ“âƒ WowğŸ˜Š,too_short_words
jokAXdH2IQ0,African Tribes Try American Candy!! Guess Which One They HATE!!,2022-04-02T12:30:20Z,Ugzw_5s5mIMILVP0Hc14AaABAg,2025-08-27T16:38:25Z,0,0:42,4,1,0:42,too_short_words
jokAXdH2IQ0,African Tribes Try American Candy!! Guess Which One They HATE!!,2022-04-02T12:30:20Z,Ugy76hc-TIaS-ANy2SF4AaABAg,2025-08-27T16:38:15Z,0,99999999999:1,13,1,99999999999:1,noise_only
jokAXdH2IQ0,African Tribes Try American Candy!! Guess Which One They HATE!!,2022-04-02T12:30:20Z,Ugzswv-cZpcM4cyxJOJ4AaABAg,2025-08-16T01:09:47Z,0,ğŸ‡¦ğŸ‡·,2,1,ğŸ‡¦ğŸ‡·,too_short
jokAXdH2IQ0,African Tribes Try American Candy!! Guess Which One They HATE!!,2022-04-02T12:30:20Z,UgxUZMa1s2TavNP5G894AaABAg,2025-08-07T22:47:05Z,0,Hi,2,1,Hi,too_short
jokAXdH2IQ0,African Tribes Try American Candy!! Guess Which One They HATE!!,2022-04-02T12:30:20Z,Ugyfvgmm6dmVyROumBZ4AaABAg,2025-07-28T01:46:36Z,0,W,1,1,W,too_short
jokAXdH2IQ0,African Tribes Try American Candy!! Guess Which One They HATE!!,2022-04-02T12:30:20Z,Ugw1iAWAW2nTBxrwagB4AaABAg,2025-07-27T14:39:59Z,0,ğŸ˜¢ğŸ˜Šç­‰å¾…,4,1,ğŸ˜¢ğŸ˜Šç­‰å¾…,too_short_words
jokAXdH2IQ0,African Tribes Try American Candy!! Guess Which One They HATE!!,2022-04-02T12:30:20Z,Ugze4k1m_a8CJvNt_254AaABAg,2025-07-24T17:36:37Z,1,"Hi Friend , I have stood by your family, hoping that you will also stand by mine. May our friendship last forever. Thank you very much.â¤â¤â¤â¤â¤",140,26,"Hi Friend , I have stood by your family, hoping that you will also stand by mine. May our friendship last forever. Thank you very much.â¤â¤â¤â¤â¤",noise_only
jokAXdH2IQ0,African Tribes Try American Candy!! Guess Which One They HATE!!,2022-04-02T12:30:20Z,UgxR23CHz91WV8J47QN4AaABAg,2025-07-20T05:44:11Z,0,5:10 ğŸ˜‚ğŸ˜‚,7,2,5:10 ğŸ˜‚ğŸ˜‚,too_short_words
jokAXdH2IQ0,African Tribes Try American Candy!! Guess Which One They HATE!!,2022-04-02T12:30:20Z,UgzD9ldzVFADPlEzR6R4AaABAg,2025-07-13T05:23:41Z,0,"People out in the middle of nowhere Africa speak perfect English, yet millions of Hispanics in America refuse to learn English and demand translators to collect their free food, housing, healthcare, etc.",203,32,"People out in the middle of nowhere Africa speak perfect English, yet millions of Hispanics in America refuse to learn English and demand translators to collect their free food, housing, healthcare, etc.",spam_like
jokAXdH2IQ0,African Tribes Try American Candy!! Guess Which One They HATE!!,2022-04-02T12:30:20Z,UgxqSvrjn9gAvaDpMBR4AaABAg,2025-07-11T02:37:46Z,0,I finally found this channel wwwww,34,6,I finally found this channel wwwww,noise_only
jokAXdH2IQ0,African Tribes Try American Candy!! Guess Which One They HATE!!,2022-04-02T12:30:20Z,UgxY-wOdqybmKTEm9iZ4AaABAg,2025-07-09T08:26:15Z,0,Dang,4,1,Dang,too_short_words
jokAXdH2IQ0,African Tribes Try American Candy!! Guess Which One They HATE!!,2022-04-02T12:30:20Z,UgwPgftCj37ZwJKpXCB4AaABAg,2025-07-07T23:03:49Z,1,KoğŸ˜ˆğŸ˜ˆğŸ˜ˆğŸ˜ˆğŸ˜ˆ,7,1,KoğŸ˜ˆğŸ˜ˆğŸ˜ˆğŸ˜ˆğŸ˜ˆ,noise_only
jokAXdH2IQ0,African Tribes Try American Candy!! Guess Which One They HATE!!,2022-04-02T12:30:20Z,UgyRHusgieeLP8rOkBZ4AaABAg,2025-06-25T06:23:34Z,0,lol,3,1,lol,too_short_words
jokAXdH2IQ0,African Tribes Try American Candy!! Guess Which One They HATE!!,2022-04-02T12:30:20Z,UgwphqgCE1vdEraRS2x4AaABAg,2025-06-19T17:02:36Z,0,Hi 6:23,7,2,Hi 6:23,too_short_words
jokAXdH2IQ0,African Tribes Try American Candy!! Guess Which One They HATE!!,2022-04-02T12:30:20Z,UgxWFSr_TDy4ERvYZ-h4AaABAg,2025-06-19T06:03:27Z,0,Immmmm. Back,12,2,Immmmm. Back,noise_only
2brY_jX3nI4,Â£0.60 street snack ğŸ¤” #food #streetfood #foodreview,2025-03-10T17:00:04Z,UgwrOax26BQOjzCc3IR4AaABAg,2025-09-25T21:08:38Z,0,ğŸ˜‚ğŸ˜‚ğŸ˜‚ğŸ˜‚ğŸ˜‚,5,1,ğŸ˜‚ğŸ˜‚ğŸ˜‚ğŸ˜‚ğŸ˜‚,noise_only
2brY_jX3nI4,Â£0.60 street snack ğŸ¤” #food #streetfood #foodreview,2025-03-10T17:00:04Z,UgwyPhRzWyWoQwz2sul4AaABAg,2025-09-24T09:01:20Z,0,Paok,4,1,Paok,too_short_words
2brY_jX3nI4,Â£0.60 street snack ğŸ¤” #food #streetfood #foodreview,2025-03-10T17:00:04Z,UgxssyZnByCaMDMZC0x4AaABAg,2025-09-22T22:14:30Z,0,RIPğŸ˜‚ğŸ˜‚ğŸ˜‚ğŸ˜‚,7,1,RIPğŸ˜‚ğŸ˜‚ğŸ˜‚ğŸ˜‚,too_short_words
2brY_jX3nI4,Â£0.60 street snack ğŸ¤” #food #streetfood #foodreview,2025-03-10T17:00:04Z,UgxkaDh7lxte3lRQnUV4AaABAg,2025-09-20T22:00:28Z,0,"1st rule when travelling, don't request for any discount over food..",68,11,"1st rule when travelling, don't request for any discount over food..",spam_like
2brY_jX3nI4,Â£0.60 street snack ğŸ¤” #food #streetfood #foodreview,2025-03-10T17:00:04Z,Ugx2s0e5lsYoUut0m9B4AaABAg,2025-09-20T02:51:16Z,0,Chilla would have literally translated to.....shout ğŸ˜‚,53,7,Chilla would have literally translated to.....shout ğŸ˜‚,noise_only
2brY_jX3nI4,Â£0.60 street snack ğŸ¤” #food #streetfood #foodreview,2025-03-10T17:00:04Z,Ugzby9n-sp1pZdYxl1N4AaABAg,2025-09-18T15:25:59Z,0,That man at the end ğŸ˜…ğŸ˜…ğŸ˜…ğŸ˜…ğŸ˜…,25,6,That man at the end ğŸ˜…ğŸ˜…ğŸ˜…ğŸ˜…ğŸ˜…,noise_only
2brY_jX3nI4,Â£0.60 street snack ğŸ¤” #food #streetfood #foodreview,2025-03-10T17:00:04Z,Ugzxvtx1anCc4vBzBUp4AaABAg,2025-09-16T22:51:44Z,0,wooden,6,1,wooden,too_short_words
2brY_jX3nI4,Â£0.60 street snack ğŸ¤” #food #streetfood #foodreview,2025-03-10T17:00:04Z,UgyvxQE0IlbCobF5GsR4AaABAg,2025-09-16T10:45:26Z,0,So shamelesa to have discount 10 rupees with the kid hardworking too sell their food..,86,15,So shamelesa to have discount 10 rupees with the kid hardworking too sell their food..,spam_like
2brY_jX3nI4,Â£0.60 street snack ğŸ¤” #food #streetfood #foodreview,2025-03-10T17:00:04Z,UgxQmWxjKq63G4k-wit4AaABAg,2025-09-15T03:19:27Z,0,Meow ğŸ˜»,6,2,Meow ğŸ˜»,too_short_words
2brY_jX3nI4,Â£0.60 street snack ğŸ¤” #food #streetfood #foodreview,2025-03-10T17:00:04Z,UgwJgWd-jhS_1Dp5uLl4AaABAg,2025-09-13T10:00:40Z,1,Guy recording is an absolute scumbag. Really gunna try and haggle them over the already stupid cheap price.....god i hope and pray he got sicker than all hell after eating this,176,31,Guy recording is an absolute scumbag. Really gunna try and haggle them over the already stupid cheap price.....god i hope and pray he got sicker than all hell after eating this,noise_only
2brY_jX3nI4,Â£0.60 street snack ğŸ¤” #food #streetfood #foodreview,2025-03-10T17:00:04Z,UgxU4Q_NryTjD9K8MQB4AaABAg,2025-09-11T17:18:16Z,0,Those people dont have much and you are freaking asking for a discount on 0.60 ruppies.,87,16,Those people dont have much and you are freaking asking for a discount on 0.60 ruppies.,spam_like
2brY_jX3nI4,Â£0.60 street snack ğŸ¤” #food #streetfood #foodreview,2025-03-10T17:00:04Z,UgxQjUuEveh832ZV5zZ4AaABAg,2025-09-11T14:48:41Z,0,Bro is asking forbatterğŸ˜‚ğŸ˜‚ğŸ˜‚ğŸ˜‚ğŸ˜‚,28,4,Bro is asking forbatterğŸ˜‚ğŸ˜‚ğŸ˜‚ğŸ˜‚ğŸ˜‚,noise_only
2brY_jX3nI4,Â£0.60 street snack ğŸ¤” #food #streetfood #foodreview,2025-03-10T17:00:04Z,UgwKJeHemkhm40Be1Jh4AaABAg,2025-09-10T14:04:49Z,1,Bro-bargain for a discount when buying something that feels overpriced-like retail items. 60 rupees is a decent price for that meal!!!,134,21,Bro-bargain for a discount when buying something that feels overpriced-like retail items. 60 rupees is a decent price for that meal!!!,spam_like
2brY_jX3nI4,Â£0.60 street snack ğŸ¤” #food #streetfood #foodreview,2025-03-10T17:00:04Z,UgzKvZUqYbE7a1x4cuV4AaABAg,2025-09-07T00:23:54Z,0,itâ€™s cuz he knows youâ€™re eating some yuckyyyyyyyyyy stuff ğŸ˜‚ğŸ˜‚,60,10,itâ€™s cuz he knows youâ€™re eating some yuckyyyyyyyyyy stuff ğŸ˜‚ğŸ˜‚,noise_only
2brY_jX3nI4,Â£0.60 street snack ğŸ¤” #food #streetfood #foodreview,2025-03-10T17:00:04Z,UgyLAMDWmXzqhtNASlp4AaABAg,2025-09-06T11:51:41Z,0,Free content,12,2,Free content,spam_like
2brY_jX3nI4,Â£0.60 street snack ğŸ¤” #food #streetfood #foodreview,2025-03-10T17:00:04Z,UgxRMrfozXRQHv8RO7d4AaABAg,2025-09-05T21:57:34Z,0,"Ask more discount, come on",26,5,"Ask more discount, come on",spam_like
2brY_jX3nI4,Â£0.60 street snack ğŸ¤” #food #streetfood #foodreview,2025-03-10T17:00:04Z,UgwpMmhgQTKx-nOLxoJ4AaABAg,2025-09-05T17:06:47Z,0,Indian look at you like they are watching a movie in cenima hahhahaahahağŸ˜‚ğŸ˜‚ğŸ˜‚ğŸ˜‚ğŸ˜‚,77,13,Indian look at you like they are watching a movie in cenima hahhahaahahağŸ˜‚ğŸ˜‚ğŸ˜‚ğŸ˜‚ğŸ˜‚,noise_only
2brY_jX3nI4,Â£0.60 street snack ğŸ¤” #food #streetfood #foodreview,2025-03-10T17:00:04Z,Ugy_pita2Nyn5sZDRU14AaABAg,2025-09-04T17:37:35Z,0,Youtuber begging for 10 pence discount and asking for a free top up of raw BATTER. That's gross.,96,18,Youtuber begging for 10 pence discount and asking for a free top up of raw BATTER. That's gross.,spam_like
2brY_jX3nI4,Â£0.60 street snack ğŸ¤” #food #streetfood #foodreview,2025-03-10T17:00:04Z,Ugx8458Ia-VgORz4XRZ4AaABAg,2025-09-04T16:47:10Z,0,"Hehehe I can't believe this man , trying for a 10r discount ğŸ˜‚ğŸ˜…",62,13,"Hehehe I can't believe this man , trying for a 10r discount ğŸ˜‚ğŸ˜…",spam_like
2brY_jX3nI4,Â£0.60 street snack ğŸ¤” #food #streetfood #foodreview,2025-03-10T17:00:04Z,Ugz1kjpRoijb19Yo_w54AaABAg,2025-09-02T20:32:07Z,0,Oh my god ğŸ˜…ğŸ˜… last seen ğŸ˜‚ğŸ˜‚so funny i see more time ğŸ˜‚ğŸ˜‚ğŸ˜‚ğŸ˜‚ğŸ˜‚ğŸ˜‚ â¤â¤,59,14,Oh my god ğŸ˜…ğŸ˜… last seen ğŸ˜‚ğŸ˜‚so funny i see more time ğŸ˜‚ğŸ˜‚ğŸ˜‚ğŸ˜‚ğŸ˜‚ğŸ˜‚ â¤â¤,noise_only
2brY_jX3nI4,Â£0.60 street snack ğŸ¤” #food #streetfood #foodreview,2025-03-10T17:00:04Z,Ugx8JMosYmZLXdTl_YN4AaABAg,2025-08-31T20:42:33Z,0,India ğŸ’€,7,2,India ğŸ’€,too_short_words
2brY_jX3nI4,Â£0.60 street snack ğŸ¤” #food #streetfood #foodreview,2025-03-10T17:00:04Z,UgwPJHhPTtMKuRezHlB4AaABAg,2025-08-31T09:14:13Z,0,In Pakistan mostly vendors or small stall people give free food to foreigners because they're so generous and hospitable that they say no to money because they consider them as their guest Check videos of @travelwithbalnur,222,36,In Pakistan mostly vendors or small stall people give free food to foreigners because they're so generous and hospitable that they say no to money because they consider them as their guest Check videos of <USER>,spam_like
2brY_jX3nI4,Â£0.60 street snack ğŸ¤” #food #streetfood #foodreview,2025-03-10T17:00:04Z,Ugy22nlJMGJTz-fMSlF4AaABAg,2025-08-30T19:35:00Z,3,Kudos for that guy standing his ground and not offering a 10p discount.,71,13,Kudos for that guy standing his ground and not offering a 10p discount.,spam_like
2brY_jX3nI4,Â£0.60 street snack ğŸ¤” #food #streetfood #foodreview,2025-03-10T17:00:04Z,Ugz7rsqWm5Unu9MsEO14AaABAg,2025-08-30T15:26:20Z,0,Bkl,3,1,Bkl,too_short_words
2brY_jX3nI4,Â£0.60 street snack ğŸ¤” #food #streetfood #foodreview,2025-03-10T17:00:04Z,UgzAbT3m3fW7xEJq0zt4AaABAg,2025-08-30T11:07:35Z,0,You wanted to eat raw flour thinking it's sauce....... Niceeee,62,10,You wanted to eat raw flour thinking it's sauce....... Niceeee,noise_only
2brY_jX3nI4,Â£0.60 street snack ğŸ¤” #food #streetfood #foodreview,2025-03-10T17:00:04Z,Ugy_u4lhu_R-y1z65tl4AaABAg,2025-08-30T04:06:28Z,0,What r u selling? ....this....this stuff here in front of u.....,64,11,What r u selling? ....this....this stuff here in front of u.....,noise_only
2brY_jX3nI4,Â£0.60 street snack ğŸ¤” #food #streetfood #foodreview,2025-03-10T17:00:04Z,UgzttwPvBKMip-LM7Q54AaABAg,2025-08-25T23:11:51Z,0,He look at u like u about to have diarrhea ğŸ˜…ğŸ˜…ğŸ˜…ğŸ˜…ğŸ˜…ğŸ˜…ğŸ˜…,50,11,He look at u like u about to have diarrhea ğŸ˜…ğŸ˜…ğŸ˜…ğŸ˜…ğŸ˜…ğŸ˜…ğŸ˜…,noise_only
2brY_jX3nI4,Â£0.60 street snack ğŸ¤” #food #streetfood #foodreview,2025-03-10T17:00:04Z,UgzjYVG-QZQHKu8V8Wt4AaABAg,2025-08-25T20:59:23Z,0,Foreigners India me officially bhik mangne aate hai shayad....me  3 saal se abroad me hoo...yaha kuch simple sa kharidna khane ka  ho to uska starting price hi 500 INR se shooru hoti hai ...aur ye yaha 10 INR ki discount maang raha hai... Even Indians don't go and ask for discounts at such food stalls... seriously this should stop,332,59,Foreigners India me officially bhik mangne aate hai shayad....me 3 saal se abroad me hoo...yaha kuch simple sa kharidna khane ka ho to uska starting price hi 500 INR se shooru hoti hai ...aur ye yaha 10 INR ki discount maang raha hai... Even Indians don't go and ask for discounts at such food stalls... seriously this should stop,spam_like
2brY_jX3nI4,Â£0.60 street snack ğŸ¤” #food #streetfood #foodreview,2025-03-10T17:00:04Z,UgyXJQoOIF-Me6UZPOt4AaABAg,2025-08-24T20:43:04Z,2,Don't ask for a discount from street vendors if you feel that rate is reasonable. You already have some idea about price. They don't generate much profit,153,27,Don't ask for a discount from street vendors if you feel that rate is reasonable. You already have some idea about price. They don't generate much profit,spam_like
9eXz4hAKQsY,When An Arab Eats In An Indian Restaurant ft. @Jordindian &amp; @thatmalluchick,2024-11-29T12:00:18Z,Ugwd99cg5Qord83FJ994AaABAg,2025-09-25T17:48:22Z,0,ğŸ˜‚ğŸ˜‚ğŸ˜‚ğŸ˜‚ğŸ˜‚I got it,13,3,ğŸ˜‚ğŸ˜‚ğŸ˜‚ğŸ˜‚ğŸ˜‚I got it,noise_only
9eXz4hAKQsY,When An Arab Eats In An Indian Restaurant ft. @Jordindian &amp; @thatmalluchick,2024-11-29T12:00:18Z,Ugyg59PEkztVKslOOEl4AaABAg,2025-09-25T15:51:03Z,0,ğŸ‘ŒğŸ»ğŸ™ğŸ»ğŸ‰ğŸ‘½ğŸ¥³ğŸ˜ŠğŸ™‚ğŸŒ¸ğŸ™‚ğŸ‘ğŸ¼,13,1,ğŸ‘ŒğŸ»ğŸ™ğŸ»ğŸ‰ğŸ‘½ğŸ¥³ğŸ˜ŠğŸ™‚ğŸŒ¸ğŸ™‚ğŸ‘ğŸ¼,noise_only
9eXz4hAKQsY,When An Arab Eats In An Indian Restaurant ft. @Jordindian &amp; @thatmalluchick,2024-11-29T12:00:18Z,Ugx0g1MVUB8_eO_SOT94AaABAg,2025-09-25T13:02:10Z,0,Excellent choice sir ğŸ˜‚ğŸ˜‚ğŸ˜‚ğŸ˜‚ğŸ˜‚,26,4,Excellent choice sir ğŸ˜‚ğŸ˜‚ğŸ˜‚ğŸ˜‚ğŸ˜‚,noise_only
9eXz4hAKQsY,When An Arab Eats In An Indian Restaurant ft. @Jordindian &amp; @thatmalluchick,2024-11-29T12:00:18Z,UgzNuKJxolS2Vi-3txF4AaABAg,2025-09-25T12:37:23Z,0,Loll...... ğŸ˜‚ğŸ˜‚ğŸ˜‚,14,2,Loll...... ğŸ˜‚ğŸ˜‚ğŸ˜‚,noise_only
9eXz4hAKQsY,When An Arab Eats In An Indian Restaurant ft. @Jordindian &amp; @thatmalluchick,2024-11-29T12:00:18Z,Ugwx96113HYcVEfkb1h4AaABAg,2025-09-25T09:09:54Z,0,The order of that Arabian and your were sameğŸ˜‚ğŸ˜‚ğŸ˜‚ğŸ˜‚ğŸ˜‚ and you were like I am looking in menu what to order,102,21,The order of that Arabian and your were sameğŸ˜‚ğŸ˜‚ğŸ˜‚ğŸ˜‚ğŸ˜‚ and you were like I am looking in menu what to order,noise_only
9eXz4hAKQsY,When An Arab Eats In An Indian Restaurant ft. @Jordindian &amp; @thatmalluchick,2024-11-29T12:00:18Z,UgwJDT19_bOdwNovaPF4AaABAg,2025-09-24T20:53:01Z,0,Brutal,6,1,Brutal,too_short_words
9eXz4hAKQsY,When An Arab Eats In An Indian Restaurant ft. @Jordindian &amp; @thatmalluchick,2024-11-29T12:00:18Z,UgyusOkt9JI3_UqOQUZ4AaABAg,2025-09-24T16:55:57Z,0,SrğŸ˜…,3,1,SrğŸ˜…,too_short_words
9eXz4hAKQsY,When An Arab Eats In An Indian Restaurant ft. @Jordindian &amp; @thatmalluchick,2024-11-29T12:00:18Z,UgwGOGUBbZqtD9RUJXR4AaABAg,2025-09-23T11:48:05Z,0,Lolâ¤,4,1,Lolâ¤,too_short_words
9eXz4hAKQsY,When An Arab Eats In An Indian Restaurant ft. @Jordindian &amp; @thatmalluchick,2024-11-29T12:00:18Z,Ugzn2vNSHVfEWJiDf-x4AaABAg,2025-09-22T18:55:30Z,0,AalooğŸ¥”ğŸ¥”ğŸ¥”ğŸ¥”ğŸ¥”ğŸ¥”ğŸ¥”ğŸ¥”ğŸ¥”ğŸ¥”ğŸ¥”,16,1,AalooğŸ¥”ğŸ¥”ğŸ¥”ğŸ¥”ğŸ¥”ğŸ¥”ğŸ¥”ğŸ¥”ğŸ¥”ğŸ¥”ğŸ¥”,noise_only
9eXz4hAKQsY,When An Arab Eats In An Indian Restaurant ft. @Jordindian &amp; @thatmalluchick,2024-11-29T12:00:18Z,Ugwzq8NaKX5vtaeXXOR4AaABAg,2025-09-22T18:18:08Z,0,ğŸ¤£ğŸ¤£ğŸ¤£ğŸ¤£ğŸ¤£ğŸ¤£ khalid you too...,24,4,ğŸ¤£ğŸ¤£ğŸ¤£ğŸ¤£ğŸ¤£ğŸ¤£ khalid you too...,noise_only
9eXz4hAKQsY,When An Arab Eats In An Indian Restaurant ft. @Jordindian &amp; @thatmalluchick,2024-11-29T12:00:18Z,Ugzhw6QBs-Pk4mDyD0V4AaABAg,2025-09-22T15:34:45Z,0,Want to eat aalu   ğŸ˜‚ğŸ˜‚ğŸ˜‚ğŸ˜‚ğŸ˜‚,24,5,Want to eat aalu ğŸ˜‚ğŸ˜‚ğŸ˜‚ğŸ˜‚ğŸ˜‚,noise_only
9eXz4hAKQsY,When An Arab Eats In An Indian Restaurant ft. @Jordindian &amp; @thatmalluchick,2024-11-29T12:00:18Z,UgxZbA35e6dOw3ZPZPR4AaABAg,2025-09-21T15:29:58Z,0,She got cookedğŸ˜‚ğŸ˜‚ğŸ˜‚ğŸ˜‚ğŸ˜‚ğŸ˜‚ğŸ˜‚,21,3,She got cookedğŸ˜‚ğŸ˜‚ğŸ˜‚ğŸ˜‚ğŸ˜‚ğŸ˜‚ğŸ˜‚,noise_only
9eXz4hAKQsY,When An Arab Eats In An Indian Restaurant ft. @Jordindian &amp; @thatmalluchick,2024-11-29T12:00:18Z,UgydJ9sV0iHFO9GfCXd4AaABAg,2025-09-21T15:28:44Z,0,The waitress after he's orderâ€˜Butter chicken and nun'the waitress.....ğŸ˜¶ğŸ˜¶ğŸ˜¶,73,9,The waitress after he's orderâ€˜Butter chicken and nun'the waitress.....ğŸ˜¶ğŸ˜¶ğŸ˜¶,noise_only
9eXz4hAKQsY,When An Arab Eats In An Indian Restaurant ft. @Jordindian &amp; @thatmalluchick,2024-11-29T12:00:18Z,UgxJDZxns6U_UMZh8414AaABAg,2025-09-21T12:34:27Z,1,https://youtube.com/@proboymitvlogs?si=Qv6lgZUs-o1BVu7G,55,1,<URL>,too_short_words
9eXz4hAKQsY,When An Arab Eats In An Indian Restaurant ft. @Jordindian &amp; @thatmalluchick,2024-11-29T12:00:18Z,UgzJwbu75PxCjWbfJrh4AaABAg,2025-09-20T07:32:22Z,0,Moti Mahal butter chicken and naan are soooooooo tasty. Original maker of butter chicken,88,14,Moti Mahal butter chicken and naan are soooooooo tasty. Original maker of butter chicken,noise_only
9eXz4hAKQsY,When An Arab Eats In An Indian Restaurant ft. @Jordindian &amp; @thatmalluchick,2024-11-29T12:00:18Z,UgySkDsZ_yiYsTUgiVh4AaABAg,2025-09-20T05:37:03Z,0,"Always "" smiling face "" -- under any circumstances !ğŸ˜€ğŸ˜€ğŸ˜€ğŸ˜€ğŸ˜€ğŸ˜€ğŸ˜€ğŸ˜ƒğŸ˜ƒğŸ˜ƒğŸ˜ƒğŸ˜ƒğŸ˜ƒğŸ˜ƒğŸ˜ƒğŸ˜ƒğŸ˜ƒğŸ˜ƒğŸ˜ƒğŸ˜ƒğŸ˜ƒ",73,10,"Always "" smiling face "" -- under any circumstances !ğŸ˜€ğŸ˜€ğŸ˜€ğŸ˜€ğŸ˜€ğŸ˜€ğŸ˜€ğŸ˜ƒğŸ˜ƒğŸ˜ƒğŸ˜ƒğŸ˜ƒğŸ˜ƒğŸ˜ƒğŸ˜ƒğŸ˜ƒğŸ˜ƒğŸ˜ƒğŸ˜ƒğŸ˜ƒğŸ˜ƒ",noise_only
9eXz4hAKQsY,When An Arab Eats In An Indian Restaurant ft. @Jordindian &amp; @thatmalluchick,2024-11-29T12:00:18Z,Ugzw5iO9skJjZCoQVI54AaABAg,2025-09-18T02:56:44Z,0,ğŸ˜‚ğŸ˜‚ à¤‡à¤¸à¤•à¥‹,7,2,ğŸ˜‚ğŸ˜‚ à¤‡à¤¸à¤•à¥‹,too_short_words
9eXz4hAKQsY,When An Arab Eats In An Indian Restaurant ft. @Jordindian &amp; @thatmalluchick,2024-11-29T12:00:18Z,UgzwDuNVPZMTRZaffNZ4AaABAg,2025-09-17T01:03:00Z,0,She got karrrrrrrrrma,21,3,She got karrrrrrrrrma,noise_only
9eXz4hAKQsY,When An Arab Eats In An Indian Restaurant ft. @Jordindian &amp; @thatmalluchick,2024-11-29T12:00:18Z,Ugz8A5mKVm1dDv-NeGV4AaABAg,2025-09-14T16:24:38Z,0,NaseeeeeeerğŸ˜‚,12,1,NaseeeeeeerğŸ˜‚,noise_only
9eXz4hAKQsY,When An Arab Eats In An Indian Restaurant ft. @Jordindian &amp; @thatmalluchick,2024-11-29T12:00:18Z,UgyhXFPNKERTmxeCHjJ4AaABAg,2025-09-14T09:24:03Z,0,oh my godğŸ˜‚ğŸ˜‚ğŸ˜‚ğŸ˜‚ğŸ˜‚ğŸ¤£ğŸ¤£ğŸ¤£ğŸ¤£ğŸ¤£,19,3,oh my godğŸ˜‚ğŸ˜‚ğŸ˜‚ğŸ˜‚ğŸ˜‚ğŸ¤£ğŸ¤£ğŸ¤£ğŸ¤£ğŸ¤£,noise_only
9eXz4hAKQsY,When An Arab Eats In An Indian Restaurant ft. @Jordindian &amp; @thatmalluchick,2024-11-29T12:00:18Z,Ugwk4zm5nM7S2x4sD8Z4AaABAg,2025-09-11T15:50:29Z,0,Soooooooooo funny,17,2,Soooooooooo funny,noise_only
9eXz4hAKQsY,When An Arab Eats In An Indian Restaurant ft. @Jordindian &amp; @thatmalluchick,2024-11-29T12:00:18Z,Ugz_PKVrG9a4ldQ0LwJ4AaABAg,2025-09-11T15:33:25Z,0,FREE PALESTINA ğŸ‡µğŸ‡¸ğŸ‡µğŸ‡¸ğŸ‡µğŸ‡¸ğŸ‡µğŸ‡¸,23,3,FREE PALESTINA ğŸ‡µğŸ‡¸ğŸ‡µğŸ‡¸ğŸ‡µğŸ‡¸ğŸ‡µğŸ‡¸,spam_like
9eXz4hAKQsY,When An Arab Eats In An Indian Restaurant ft. @Jordindian &amp; @thatmalluchick,2024-11-29T12:00:18Z,Ugz2y0yeszbrPzd71Et4AaABAg,2025-09-11T15:19:55Z,0,ğ“—ğ“²,2,1,ğ“—ğ“²,too_short
9eXz4hAKQsY,When An Arab Eats In An Indian Restaurant ft. @Jordindian &amp; @thatmalluchick,2024-11-29T12:00:18Z,UgxW68r6WKGdfDYQZmF4AaABAg,2025-09-10T23:11:34Z,0,omgğŸ˜‚ğŸ˜‚,5,1,omgğŸ˜‚ğŸ˜‚,too_short_words
9eXz4hAKQsY,When An Arab Eats In An Indian Restaurant ft. @Jordindian &amp; @thatmalluchick,2024-11-29T12:00:18Z,UgyK9kaMbl1fR4RSHTl4AaABAg,2025-09-08T09:17:22Z,0,You only ordered sirrrrrrrrrğŸ˜…ğŸ˜…ğŸ˜‚,31,4,You only ordered sirrrrrrrrrğŸ˜…ğŸ˜…ğŸ˜‚,noise_only
9eXz4hAKQsY,When An Arab Eats In An Indian Restaurant ft. @Jordindian &amp; @thatmalluchick,2024-11-29T12:00:18Z,UgyAl_4-arULmmeVOkh4AaABAg,2025-09-07T13:52:24Z,0,Super ğŸ˜‚,7,2,Super ğŸ˜‚,too_short_words
9eXz4hAKQsY,When An Arab Eats In An Indian Restaurant ft. @Jordindian &amp; @thatmalluchick,2024-11-29T12:00:18Z,UgxhYWZQwW26c4-m9F94AaABAg,2025-09-06T14:29:39Z,0,As a revenge.....ğŸ˜‚ğŸ˜‚ğŸ˜‚ğŸ˜‚ğŸ‰ğŸ‰,23,3,As a revenge.....ğŸ˜‚ğŸ˜‚ğŸ˜‚ğŸ˜‚ğŸ‰ğŸ‰,noise_only
9eXz4hAKQsY,When An Arab Eats In An Indian Restaurant ft. @Jordindian &amp; @thatmalluchick,2024-11-29T12:00:18Z,Ugw-nRFKlQOSz5mE0AR4AaABAg,2025-09-06T06:02:49Z,0,HeeeeeeeğŸ˜…,9,1,HeeeeeeeğŸ˜…,noise_only
9eXz4hAKQsY,When An Arab Eats In An Indian Restaurant ft. @Jordindian &amp; @thatmalluchick,2024-11-29T12:00:18Z,Ugy1Vm6VeSScQlZFT7N4AaABAg,2025-09-05T08:56:30Z,0,Zionist,7,1,Zionist,too_short_words
9eXz4hAKQsY,When An Arab Eats In An Indian Restaurant ft. @Jordindian &amp; @thatmalluchick,2024-11-29T12:00:18Z,UgwnIwaARbCoUjhhul54AaABAg,2025-09-04T13:28:23Z,1,Oh my god his frustration and happiness ğŸ˜ŠğŸ˜ŠğŸ˜ŠğŸ˜…ğŸ˜…ğŸ˜…ğŸ˜…ğŸ˜…,48,8,Oh my god his frustration and happiness ğŸ˜ŠğŸ˜ŠğŸ˜ŠğŸ˜…ğŸ˜…ğŸ˜…ğŸ˜…ğŸ˜…,noise_only
9eXz4hAKQsY,When An Arab Eats In An Indian Restaurant ft. @Jordindian &amp; @thatmalluchick,2024-11-29T12:00:18Z,Ugy2OS2KSu_MdzaYhnJ4AaABAg,2025-09-02T19:26:30Z,0,NiceğŸ‘,5,1,NiceğŸ‘,too_short_words
9eXz4hAKQsY,When An Arab Eats In An Indian Restaurant ft. @Jordindian &amp; @thatmalluchick,2024-11-29T12:00:18Z,UgwmgglyGyViNZjAHTJ4AaABAg,2025-09-02T15:21:44Z,0,Amazing,7,1,Amazing,too_short_words
0g8hqpgYbSM,Best pasta in New York City,2024-04-24T21:10:30Z,Ugxs4S6HF6kDXEdf_YV4AaABAg,2025-09-25T19:15:38Z,0,ğŸ‘ğŸ‘ğŸ‘ğŸ‘ğŸ‘ğŸ‘ğŸ‘ğŸ˜‹,8,1,ğŸ‘ğŸ‘ğŸ‘ğŸ‘ğŸ‘ğŸ‘ğŸ‘ğŸ˜‹,noise_only
0g8hqpgYbSM,Best pasta in New York City,2024-04-24T21:10:30Z,UgzoQ-392j7ST30oxYx4AaABAg,2025-08-31T13:35:25Z,0,GnammmmmğŸ˜ğŸ”ğŸ’¯ğŸ˜‹,12,1,GnammmmmğŸ˜ğŸ”ğŸ’¯ğŸ˜‹,noise_only
0g8hqpgYbSM,Best pasta in New York City,2024-04-24T21:10:30Z,Ugwgo5Srl-zT7-_a9nN4AaABAg,2025-08-16T14:29:44Z,0,Good,4,1,Good,too_short_words
0g8hqpgYbSM,Best pasta in New York City,2024-04-24T21:10:30Z,Ugy3Swgjfmk8X3nt_jh4AaABAg,2025-07-20T18:52:02Z,0,Cool,4,1,Cool,too_short_words
0g8hqpgYbSM,Best pasta in New York City,2024-04-24T21:10:30Z,UgwlwoAK4hEl6sgLlvd4AaABAg,2025-07-11T04:17:35Z,0,That looks sooooooooooooooooo good ğŸ˜‹ğŸ˜‹,37,5,That looks sooooooooooooooooo good ğŸ˜‹ğŸ˜‹,noise_only
0g8hqpgYbSM,Best pasta in New York City,2024-04-24T21:10:30Z,Ugyoy8JpDoSHOnPHS_x4AaABAg,2025-06-10T02:21:58Z,0,Pasta from a cheese wheel ..... ğŸ˜‹,33,7,Pasta from a cheese wheel ..... ğŸ˜‹,noise_only
0g8hqpgYbSM,Best pasta in New York City,2024-04-24T21:10:30Z,UgxewECeDTXdx61cDvV4AaABAg,2025-05-15T10:57:30Z,1,nice,4,1,nice,too_short_words
0g8hqpgYbSM,Best pasta in New York City,2024-04-24T21:10:30Z,Ugw-4GY71MhOKSZqMQp4AaABAg,2025-05-14T02:46:22Z,0,My brothaaaaaaa,15,2,My brothaaaaaaa,noise_only
0g8hqpgYbSM,Best pasta in New York City,2024-04-24T21:10:30Z,UgwIIpwlotLBOBFA9ZZ4AaABAg,2025-04-25T14:27:22Z,0,#lionfield,10,1,#lionfield,noise_only
0g8hqpgYbSM,Best pasta in New York City,2024-04-24T21:10:30Z,UgyxevulBjM64eW_dFR4AaABAg,2025-04-18T10:59:31Z,0,Anche con gorgonzola ğŸ˜‚ğŸ˜‚ğŸ˜‚ğŸ˜‚ğŸ˜‚ğŸ˜‚,27,4,Anche con gorgonzola ğŸ˜‚ğŸ˜‚ğŸ˜‚ğŸ˜‚ğŸ˜‚ğŸ˜‚,noise_only
0g8hqpgYbSM,Best pasta in New York City,2024-04-24T21:10:30Z,Ugzf_OBdXU94EtgbdEZ4AaABAg,2025-04-15T02:01:36Z,0,Mmmmmmm that looks good. I love pasta.â¤ğŸ˜Š,40,7,Mmmmmmm that looks good. I love pasta.â¤ğŸ˜Š,noise_only
0g8hqpgYbSM,Best pasta in New York City,2024-04-24T21:10:30Z,UgwnAzkqjlcOxuyvx1R4AaABAg,2025-04-12T14:52:39Z,0,"""YOU MAKE MY HUSBAND CRY!!NOW I PAY YOU BACK!!!!!""*Take out 10$ tips*",69,12,"""YOU MAKE MY HUSBAND CRY!!NOW I PAY YOU BACK!!!!!""*Take out 10$ tips*",noise_only
0g8hqpgYbSM,Best pasta in New York City,2024-04-24T21:10:30Z,UgxmWjUABXWr7Ieo8BV4AaABAg,2025-04-07T22:37:47Z,0,Wow!,4,1,Wow!,too_short_words
0g8hqpgYbSM,Best pasta in New York City,2024-04-24T21:10:30Z,UgxJ9J4bK2HgYOciMz54AaABAg,2025-04-06T11:27:16Z,0,J'en est eau a la boucheâ¤â¤â¤â¤â¤,29,6,J'en est eau a la boucheâ¤â¤â¤â¤â¤,noise_only
0g8hqpgYbSM,Best pasta in New York City,2024-04-24T21:10:30Z,UgwyL6pdLBhJ0PYHnrx4AaABAg,2025-03-30T01:32:00Z,0,"I am crying watching.  I have been low carb for so long, and miss it so badly.  The only thing that remotely tastes like pasta is Liviva dried shirataki..... close but still falls short.",186,34,"I am crying watching. I have been low carb for so long, and miss it so badly. The only thing that remotely tastes like pasta is Liviva dried shirataki..... close but still falls short.",noise_only
0g8hqpgYbSM,Best pasta in New York City,2024-04-24T21:10:30Z,UgygHXdZ9ftkRY1CfRt4AaABAg,2025-03-28T17:51:04Z,0,Yummy,5,1,Yummy,too_short_words
0g8hqpgYbSM,Best pasta in New York City,2024-04-24T21:10:30Z,UgzN5chDKIu3V8Ool3p4AaABAg,2025-03-28T17:17:04Z,0,Why do they always pretend it's the best thing in the world.....,64,12,Why do they always pretend it's the best thing in the world.....,noise_only
0g8hqpgYbSM,Best pasta in New York City,2024-04-24T21:10:30Z,UgymKYQ2zWZjbIxfJfd4AaABAg,2025-03-28T08:15:46Z,0,Drama,5,1,Drama,too_short_words
0g8hqpgYbSM,Best pasta in New York City,2024-04-24T21:10:30Z,Ugy0cqTh4rPmhCNCzF14AaABAg,2025-03-19T23:49:09Z,0,"Mmm,ğŸ˜‹ğŸ˜ğŸ˜",7,1,"Mmm,ğŸ˜‹ğŸ˜ğŸ˜",too_short_words
0g8hqpgYbSM,Best pasta in New York City,2024-04-24T21:10:30Z,Ugxbbq_sRO9Llk6v4at4AaABAg,2025-03-19T07:41:29Z,0,Please,6,1,Please,too_short_words
0g8hqpgYbSM,Best pasta in New York City,2024-04-24T21:10:30Z,Ugzz5AujaRPKYYGuxL54AaABAg,2025-03-12T19:58:20Z,0,Mmmmmmmmmâ¤â¤â¤â¤ğŸ˜‚ğŸ˜‚ğŸ˜‚ğŸ˜‚,17,1,Mmmmmmmmmâ¤â¤â¤â¤ğŸ˜‚ğŸ˜‚ğŸ˜‚ğŸ˜‚,noise_only
0g8hqpgYbSM,Best pasta in New York City,2024-04-24T21:10:30Z,Ugwg7rPRU_uKs_DCAy94AaABAg,2025-03-04T22:50:47Z,0,CRINGEY,7,1,CRINGEY,too_short_words
0g8hqpgYbSM,Best pasta in New York City,2024-04-24T21:10:30Z,UgznVKpOv-7ibQgoQsZ4AaABAg,2025-03-03T09:04:37Z,0,Omgggggg I would drive into a macys for that right there ğŸ˜©ğŸ˜©ğŸ˜©ğŸ˜©,61,12,Omgggggg I would drive into a macys for that right there ğŸ˜©ğŸ˜©ğŸ˜©ğŸ˜©,noise_only
0g8hqpgYbSM,Best pasta in New York City,2024-04-24T21:10:30Z,UgytWo44SnOK4H0J1R14AaABAg,2025-03-02T20:42:02Z,0,"It's making me want to cry, I want some soooooooo baaaaaaaaad",61,11,"It's making me want to cry, I want some soooooooo baaaaaaaaad",noise_only
0g8hqpgYbSM,Best pasta in New York City,2024-04-24T21:10:30Z,UgxhwPP9D4C2gLDlcux4AaABAg,2025-03-01T17:17:57Z,0,Yummm,5,1,Yummm,too_short_words
0g8hqpgYbSM,Best pasta in New York City,2024-04-24T21:10:30Z,UgzZdmd7EEjGnW4GQv14AaABAg,2025-03-01T03:01:17Z,0,"""Mama mia.....its as though me own mum made this pasta for me"" ğŸ¤Œ",64,13,"""Mama mia.....its as though me own mum made this pasta for me"" ğŸ¤Œ",noise_only
0g8hqpgYbSM,Best pasta in New York City,2024-04-24T21:10:30Z,UgwS30zCvfks5GGpwix4AaABAg,2025-02-28T18:00:04Z,0,Third,5,1,Third,too_short_words
0g8hqpgYbSM,Best pasta in New York City,2024-04-24T21:10:30Z,Ugy9mkLopJLeqHQj5yJ4AaABAg,2025-02-28T04:54:57Z,1,Hygienic standards dying go brrrrr,34,5,Hygienic standards dying go brrrrr,noise_only
0g8hqpgYbSM,Best pasta in New York City,2024-04-24T21:10:30Z,UgyylqLun0fz4CwMHg54AaABAg,2025-02-27T20:19:22Z,0,Gross,5,1,Gross,too_short_words
0g8hqpgYbSM,Best pasta in New York City,2024-04-24T21:10:30Z,UgxHUHb0JPwEaO6swz14AaABAg,2025-02-27T14:11:34Z,0,yuck,4,1,yuck,too_short_words
0g8hqpgYbSM,Best pasta in New York City,2024-04-24T21:10:30Z,UgyRnTUKtKcH39fwqJR4AaABAg,2025-02-26T03:24:34Z,0,MAMA MIAAAAAAAA,15,2,MAMA MIAAAAAAAA,noise_only
0g8hqpgYbSM,Best pasta in New York City,2024-04-24T21:10:30Z,Ugz54frHGiR9enw8owZ4AaABAg,2025-02-26T00:58:53Z,0,Ymmmmm,6,1,Ymmmmm,noise_only
CbS0FFzxjBI,Asian street food,2021-06-28T15:56:12Z,UgzyjChzoWeq1hc-M2p4AaABAg,2025-09-17T08:51:21Z,0,ğŸ‰,1,1,ğŸ‰,too_short
CbS0FFzxjBI,Asian street food,2021-06-28T15:56:12Z,UgzKMjtMNHN0QldqgFN4AaABAg,2025-09-16T18:53:51Z,0,UGHHHHHHH IM HUNGRYYYY ğŸ˜©ğŸ˜©ğŸ˜–,26,4,UGHHHHHHH IM HUNGRYYYY ğŸ˜©ğŸ˜©ğŸ˜–,noise_only
CbS0FFzxjBI,Asian street food,2021-06-28T15:56:12Z,UgxV2pzZfvt3YmbCQVR4AaABAg,2025-09-02T07:42:12Z,0,Good ğŸ‰ğŸ‰ğŸ‰ğŸ‰ğŸ‰,10,2,Good ğŸ‰ğŸ‰ğŸ‰ğŸ‰ğŸ‰,noise_only
CbS0FFzxjBI,Asian street food,2021-06-28T15:56:12Z,Ugz3iiGEdtiv9qaExg14AaABAg,2025-08-27T20:35:48Z,0,á€Ï´Ï´á ğŸ’¯,5,1,á€Ï´Ï´á ğŸ’¯,too_short_words
CbS0FFzxjBI,Asian street food,2021-06-28T15:56:12Z,Ugy50qYN9ngKDjOYGVl4AaABAg,2025-08-10T15:52:24Z,0,Wow,3,1,Wow,too_short_words
CbS0FFzxjBI,Asian street food,2021-06-28T15:56:12Z,UgzQdL5r83XrAJ_t57p4AaABAg,2025-07-18T00:47:02Z,0,Û±,1,1,Û±,too_short
CbS0FFzxjBI,Asian street food,2021-06-28T15:56:12Z,UgynY-EgV69sie7NRDZ4AaABAg,2025-07-07T15:06:53Z,0,13ğŸ˜¢ğŸ˜¢ğŸ˜¢,5,1,13ğŸ˜¢ğŸ˜¢ğŸ˜¢,too_short_words
CbS0FFzxjBI,Asian street food,2021-06-28T15:56:12Z,UgywhDCWJMI6cnauU9V4AaABAg,2025-06-30T17:51:54Z,0,Yummy,5,1,Yummy,too_short_words
CbS0FFzxjBI,Asian street food,2021-06-28T15:56:12Z,UgxDAEOILmYdoVVumhF4AaABAg,2025-06-13T19:46:51Z,0,Nahh,4,1,Nahh,too_short_words
CbS0FFzxjBI,Asian street food,2021-06-28T15:56:12Z,UgwfgrerIoXSGdf6M6x4AaABAg,2025-05-21T19:24:05Z,0,cool,4,1,cool,too_short_words
CbS0FFzxjBI,Asian street food,2021-06-28T15:56:12Z,UgwbYmB6nFIRct9hT4d4AaABAg,2025-05-18T07:49:25Z,0,Niceee,6,1,Niceee,too_short_words
CbS0FFzxjBI,Asian street food,2021-06-28T15:56:12Z,UgzUjd2K3NIVftoAGe94AaABAg,2025-05-10T00:20:30Z,0,Nice,4,1,Nice,too_short_words
CbS0FFzxjBI,Asian street food,2021-06-28T15:56:12Z,UgxnmYfHotgb0zAZBi54AaABAg,2025-05-03T16:24:38Z,0,Crab,4,1,Crab,too_short_words
CbS0FFzxjBI,Asian street food,2021-06-28T15:56:12Z,Ugwf5orCAGPbJVfcInl4AaABAg,2025-05-03T16:24:19Z,0,Pig,3,1,Pig,too_short_words
CbS0FFzxjBI,Asian street food,2021-06-28T15:56:12Z,UgyO3iCgTBSiGDRCAKJ4AaABAg,2025-05-03T16:24:14Z,0,Cow,3,1,Cow,too_short_words
CbS0FFzxjBI,Asian street food,2021-06-28T15:56:12Z,UgzhIs6gwWanNMoksFt4AaABAg,2025-05-03T16:24:06Z,0,Fish,4,1,Fish,too_short_words
CbS0FFzxjBI,Asian street food,2021-06-28T15:56:12Z,UgxUMjMPTkgbmnXsIa14AaABAg,2025-03-31T04:12:40Z,0,@manisansenyum,14,1,<USER>,too_short_words
CbS0FFzxjBI,Asian street food,2021-06-28T15:56:12Z,UgzJSqJ0Ti6McfKAsOF4AaABAg,2025-03-01T19:47:17Z,0,Mi piace il tuo gelato ğŸ‘©ğŸ»â€ğŸ¼ğŸ‘©ğŸ»â€ğŸ¼ğŸ‘©ğŸ»â€ğŸ¼ğŸ‘©ğŸ»â€ğŸ¼ğŸ’ƒğŸ»ğŸ‘€ğŸ‘€ğŸ‘€ğŸ‘€ğŸ‘€ğŸ‘€ğŸ‘€ğŸ‘€ğŸ‘ï¸ğŸ‘ï¸ğŸ‘ï¸ğŸ‘ï¸ğŸ‘ï¸ğŸ‘ï¸ğŸ‘ï¸ğŸ‘ï¸ğŸ‘ï¸ğŸ‘…ğŸ‘…ğŸ‘…ğŸ‘…ğŸ‘…ğŸ‘…ğŸ‘…ğŸ‘…ğŸ‘…ğŸ‘…ğŸ‘…ğŸ‘…ğŸ‘…ğŸ‘…ğŸ‘…ğŸ‘…ğŸ‘…ğŸ‘…ğŸ‘…ğŸ‘…ğŸ‘…ğŸ‘…ğŸ‘…ğŸ‘…ğŸ‘…ğŸ‘…ğŸ‘…ğŸ‘…ğŸ‘…ğŸ‘…ğŸ‘…ğŸ‘…ğŸ‘…ğŸ‘…ğŸ‘…ğŸ‘‚ğŸ»ğŸ‘‚ğŸ»ğŸ‘‚ğŸ»ğŸ‘ƒğŸ»ğŸ‘ƒğŸ»ğŸ‘ƒğŸ»ğŸ‘ƒğŸ»ğŸ‘ƒğŸ»ğŸ‘ƒğŸ»ğŸ‘ƒğŸ»ğŸ‘ƒğŸ»ğŸ‘ƒğŸ»ğŸ‘ƒğŸ»ğŸ‘ƒğŸ»ğŸ‘ƒğŸ»ğŸ‘ƒğŸ»ğŸ‘ƒğŸ»ğŸ‘ƒğŸ»ğŸ‘ƒğŸ»ğŸ‘ƒğŸ»ğŸ‘ƒğŸ»ğŸ‘ƒğŸ»ğŸ‘ƒğŸ»ğŸ‘ğŸ»ğŸ‘ƒğŸ»ğŸ‘ƒğŸ»ğŸ‘ƒğŸ»ğŸ‘‚ğŸ»ğŸ‘‚ğŸ»ğŸ‘‚ğŸ»ğŸ‘‚ğŸ»ğŸ‘‚ğŸ»ğŸ‘‚ğŸ»ğŸ‘‚ğŸ»ğŸ‘‚ğŸ»ğŸ‘‚ğŸ»ğŸ‘‚ğŸ»ğŸ‘ƒğŸ»ğŸ‘‚ğŸ»ğŸ‘ƒğŸ»ğŸ‘‚ğŸ»ğŸ‘‚ğŸ»ğŸ‘‚ğŸ»ğŸ‘‚ğŸ»ğŸ‘‚ğŸ»ğŸ‘‚ğŸ»ğŸ‘‚ğŸ»ğŸ‘‚ğŸ»ğŸ‘‚ğŸ»ğŸ‘‚ğŸ»ğŸ‘‚ğŸ»ğŸ‘ƒğŸ»ğŸ‘‚ğŸ»ğŸ‘ƒğŸ»ğŸ‘ƒğŸ»ğŸ‘ƒğŸ»ğŸ‘ƒğŸ»ğŸ‘ƒğŸ»ğŸ‘ƒğŸ»ğŸ‘ƒğŸ»ğŸ‘ƒğŸ»ğŸ‘ƒğŸ»ğŸ‘ƒğŸ»ğŸ‘‚ğŸ»ğŸ‘‚ğŸ»ğŸ‘‚ğŸ»ğŸ‘‚ğŸ»ğŸ‘‚ğŸ»ğŸ‘‚ğŸ»ğŸ‘‚ğŸ»ğŸ‘ƒğŸ»ğŸ‘ƒğŸ»,246,6,Mi piace il tuo gelato ğŸ‘©ğŸ»â€ğŸ¼ğŸ‘©ğŸ»â€ğŸ¼ğŸ‘©ğŸ»â€ğŸ¼ğŸ‘©ğŸ»â€ğŸ¼ğŸ’ƒğŸ»ğŸ‘€ğŸ‘€ğŸ‘€ğŸ‘€ğŸ‘€ğŸ‘€ğŸ‘€ğŸ‘€ğŸ‘ï¸ğŸ‘ï¸ğŸ‘ï¸ğŸ‘ï¸ğŸ‘ï¸ğŸ‘ï¸ğŸ‘ï¸ğŸ‘ï¸ğŸ‘ï¸ğŸ‘…ğŸ‘…ğŸ‘…ğŸ‘…ğŸ‘…ğŸ‘…ğŸ‘…ğŸ‘…ğŸ‘…ğŸ‘…ğŸ‘…ğŸ‘…ğŸ‘…ğŸ‘…ğŸ‘…ğŸ‘…ğŸ‘…ğŸ‘…ğŸ‘…ğŸ‘…ğŸ‘…ğŸ‘…ğŸ‘…ğŸ‘…ğŸ‘…ğŸ‘…ğŸ‘…ğŸ‘…ğŸ‘…ğŸ‘…ğŸ‘…ğŸ‘…ğŸ‘…ğŸ‘…ğŸ‘…ğŸ‘‚ğŸ»ğŸ‘‚ğŸ»ğŸ‘‚ğŸ»ğŸ‘ƒğŸ»ğŸ‘ƒğŸ»ğŸ‘ƒğŸ»ğŸ‘ƒğŸ»ğŸ‘ƒğŸ»ğŸ‘ƒğŸ»ğŸ‘ƒğŸ»ğŸ‘ƒğŸ»ğŸ‘ƒğŸ»ğŸ‘ƒğŸ»ğŸ‘ƒğŸ»ğŸ‘ƒğŸ»ğŸ‘ƒğŸ»ğŸ‘ƒğŸ»ğŸ‘ƒğŸ»ğŸ‘ƒğŸ»ğŸ‘ƒğŸ»ğŸ‘ƒğŸ»ğŸ‘ƒğŸ»ğŸ‘ƒğŸ»ğŸ‘ğŸ»ğŸ‘ƒğŸ»ğŸ‘ƒğŸ»ğŸ‘ƒğŸ»ğŸ‘‚ğŸ»ğŸ‘‚ğŸ»ğŸ‘‚ğŸ»ğŸ‘‚ğŸ»ğŸ‘‚ğŸ»ğŸ‘‚ğŸ»ğŸ‘‚ğŸ»ğŸ‘‚ğŸ»ğŸ‘‚ğŸ»ğŸ‘‚ğŸ»ğŸ‘ƒğŸ»ğŸ‘‚ğŸ»ğŸ‘ƒğŸ»ğŸ‘‚ğŸ»ğŸ‘‚ğŸ»ğŸ‘‚ğŸ»ğŸ‘‚ğŸ»ğŸ‘‚ğŸ»ğŸ‘‚ğŸ»ğŸ‘‚ğŸ»ğŸ‘‚ğŸ»ğŸ‘‚ğŸ»ğŸ‘‚ğŸ»ğŸ‘‚ğŸ»ğŸ‘ƒğŸ»ğŸ‘‚ğŸ»ğŸ‘ƒğŸ»ğŸ‘ƒğŸ»ğŸ‘ƒğŸ»ğŸ‘ƒğŸ»ğŸ‘ƒğŸ»ğŸ‘ƒğŸ»ğŸ‘ƒğŸ»ğŸ‘ƒğŸ»ğŸ‘ƒğŸ»ğŸ‘ƒğŸ»ğŸ‘‚ğŸ»ğŸ‘‚ğŸ»ğŸ‘‚ğŸ»ğŸ‘‚ğŸ»ğŸ‘‚ğŸ»ğŸ‘‚ğŸ»ğŸ‘‚ğŸ»ğŸ‘ƒğŸ»ğŸ‘ƒğŸ»,noise_only
CbS0FFzxjBI,Asian street food,2021-06-28T15:56:12Z,UgxvkGTnUC-wGNPORvN4AaABAg,2025-01-31T10:01:15Z,0,Song,4,1,Song,too_short_words
CbS0FFzxjBI,Asian street food,2021-06-28T15:56:12Z,UgxlmtZCateTjq38yZx4AaABAg,2025-01-23T10:32:23Z,0,Yumm,4,1,Yumm,too_short_words
CbS0FFzxjBI,Asian street food,2021-06-28T15:56:12Z,UgysaOEB8j9oOfbE65x4AaABAg,2025-01-20T14:01:23Z,0,Korea,5,1,Korea,too_short_words
CbS0FFzxjBI,Asian street food,2021-06-28T15:56:12Z,Ugw0uigjDNEOeekdgzF4AaABAg,2025-01-09T08:56:27Z,0,æœ‰æ·»åŠ åŠ‘å—ï¼Ÿ,6,1,æœ‰æ·»åŠ åŠ‘å—ï¼Ÿ,too_short_words
CbS0FFzxjBI,Asian street food,2021-06-28T15:56:12Z,UgyKpUYQfSKJ7EZemfR4AaABAg,2025-01-05T16:16:51Z,0,Super,5,1,Super,too_short_words
CbS0FFzxjBI,Asian street food,2021-06-28T15:56:12Z,UgxfFiu3e2A5WY-rAXp4AaABAg,2024-12-31T08:38:56Z,0,ã†ãƒ¼ã‚“,3,1,ã†ãƒ¼ã‚“,too_short_words
CbS0FFzxjBI,Asian street food,2021-06-28T15:56:12Z,UgyW7-1-dv0VDiycbcd4AaABAg,2024-12-23T15:43:31Z,0,àªšàª¾àªˆàª¨,4,1,àªšàª¾àªˆàª¨,too_short_words
CbS0FFzxjBI,Asian street food,2021-06-28T15:56:12Z,UgymN5cIwJ2gytWNFZ54AaABAg,2024-12-07T16:54:58Z,0,G,1,1,G,too_short
CbS0FFzxjBI,Asian street food,2021-06-28T15:56:12Z,Ugxyc5q5zdHQpEtsDUt4AaABAg,2024-11-17T15:50:45Z,0,I Love ice cream so much itâ€™s so deliciousâ¤â¤â¤â¤â¤â¤,48,9,I Love ice cream so much itâ€™s so deliciousâ¤â¤â¤â¤â¤â¤,noise_only
CbS0FFzxjBI,Asian street food,2021-06-28T15:56:12Z,Ugyu3SV4GjWAsyqzaCd4AaABAg,2024-11-17T04:32:53Z,1,Just put the white rice in the bowl lil bro ğŸ™ğŸ™ğŸ™ğŸ™ğŸ™,49,11,Just put the white rice in the bowl lil bro ğŸ™ğŸ™ğŸ™ğŸ™ğŸ™,noise_only
CbS0FFzxjBI,Asian street food,2021-06-28T15:56:12Z,UgwHloSYdF5wfdK8PCx4AaABAg,2024-11-16T10:23:24Z,0,Taroooooo,9,1,Taroooooo,noise_only
CbS0FFzxjBI,Asian street food,2021-06-28T15:56:12Z,Ugz3FurYJzKm0a08sUB4AaABAg,2024-11-13T20:10:35Z,1,ãƒ¤ã‚µãƒ”ã‚ã¢,5,1,ãƒ¤ã‚µãƒ”ã‚ã¢,too_short_words
CbS0FFzxjBI,Asian street food,2021-06-28T15:56:12Z,Ugwg4bUiNfnVW4C5OHd4AaABAg,2024-10-29T21:05:51Z,0,4500 commentâ¤ğŸ‰ğŸ˜ŠğŸ˜®ğŸ˜®ğŸ˜®ğŸ˜®ğŸ˜®,20,2,4500 commentâ¤ğŸ‰ğŸ˜ŠğŸ˜®ğŸ˜®ğŸ˜®ğŸ˜®ğŸ˜®,noise_only
CbS0FFzxjBI,Asian street food,2021-06-28T15:56:12Z,Ugy6h08-_dZcPeySkOx4AaABAg,2024-10-15T23:50:41Z,0,2024ğŸ˜‚,5,1,2024ğŸ˜‚,too_short_words
CbS0FFzxjBI,Asian street food,2021-06-28T15:56:12Z,Ugz9nCmh_isgcLhmiXR4AaABAg,2024-10-06T13:54:04Z,0,Yummm,5,1,Yummm,too_short_words
CbS0FFzxjBI,Asian street food,2021-06-28T15:56:12Z,UgxJRDAG0-DmDpABQKd4AaABAg,2024-09-12T02:32:05Z,1,(\_/)  ( â€¢.â€¢ )  />â¤,19,5,(\_/) ( â€¢.â€¢ ) />â¤,noise_only
CbS0FFzxjBI,Asian street food,2021-06-28T15:56:12Z,UgyXhPvzAGzGM8JkQaN4AaABAg,2024-09-07T03:50:36Z,0,P,1,1,P,too_short
CbS0FFzxjBI,Asian street food,2021-06-28T15:56:12Z,UgzwkOgiRuyP31XA6ql4AaABAg,2024-08-16T16:12:15Z,0,I feel like tasting it now â¤â¤â¤â¤â¤,32,7,I feel like tasting it now â¤â¤â¤â¤â¤,noise_only
CbS0FFzxjBI,Asian street food,2021-06-28T15:56:12Z,UgxkXpbO7oy56hYE8u94AaABAg,2024-08-15T08:29:44Z,0,ğŸ˜˜ğŸ¤©ğŸ¤©ğŸ¤©ğŸ¤©ğŸ¤©ğŸ¤©Kwpwlakow9 O92w9w,24,2,ğŸ˜˜ğŸ¤©ğŸ¤©ğŸ¤©ğŸ¤©ğŸ¤©ğŸ¤©Kwpwlakow9 O92w9w,noise_only
CbS0FFzxjBI,Asian street food,2021-06-28T15:56:12Z,UgxS6McIKaM1mA08Np14AaABAg,2024-08-10T13:47:37Z,0,YAMYAM,6,1,YAMYAM,too_short_words
CbS0FFzxjBI,Asian street food,2021-06-28T15:56:12Z,UgyaLGYSh1P49RjcpeN4AaABAg,2024-08-08T08:13:47Z,0,Hh,2,1,Hh,too_short
CbS0FFzxjBI,Asian street food,2021-06-28T15:56:12Z,UgwJFJ7t_Fj1f5SaT914AaABAg,2024-07-28T03:41:16Z,1,"One for me, plssssss :D",23,5,"One for me, plssssss :D",noise_only
CbS0FFzxjBI,Asian street food,2021-06-28T15:56:12Z,UgylamoaVPKl8ex7eSR4AaABAg,2024-07-26T23:39:25Z,0,á€‚á€­á€¯á€¸á€€á€­á€¯,7,1,á€‚á€­á€¯á€¸á€€á€­á€¯,too_short_words
CbS0FFzxjBI,Asian street food,2021-06-28T15:56:12Z,Ugy5VrgAaRx0K5KZXBN4AaABAg,2024-07-20T17:28:23Z,0,Cut,3,1,Cut,too_short_words
CbS0FFzxjBI,Asian street food,2021-06-28T15:56:12Z,UgxDlFidgTC7Vi9IABd4AaABAg,2024-07-19T22:15:50Z,0,Legal ğŸ˜Š,7,2,Legal ğŸ˜Š,too_short_words
CbS0FFzxjBI,Asian street food,2021-06-28T15:56:12Z,UgxWKbb_nwBItyXJ0tJ4AaABAg,2024-07-03T14:54:19Z,0,Jsjs,4,1,Jsjs,too_short_words
CbS0FFzxjBI,Asian street food,2021-06-28T15:56:12Z,Ugzzg899RuqSBtfE78J4AaABAg,2024-06-30T12:42:39Z,0,NUUUUUUUUUUU MY DIET,20,3,NUUUUUUUUUUU MY DIET,noise_only
CbS0FFzxjBI,Asian street food,2021-06-28T15:56:12Z,Ugzusa_gqViQJOX7Qm14AaABAg,2024-06-19T00:10:41Z,0,maki,4,1,maki,too_short_words
CbS0FFzxjBI,Asian street food,2021-06-28T15:56:12Z,Ugz503p9ejtO7BGiiLt4AaABAg,2024-06-18T05:35:03Z,0,So good â¤â¤â¤â¤â¤â¤â¤â¤ğŸ‰ğŸ‰ğŸ‰,19,3,So good â¤â¤â¤â¤â¤â¤â¤â¤ğŸ‰ğŸ‰ğŸ‰,noise_only
CbS0FFzxjBI,Asian street food,2021-06-28T15:56:12Z,Ugzy3uFO9FeG3w6Phat4AaABAg,2024-06-01T08:18:48Z,0,â¤â¤â¤â¤â¤â¤â¤â¤â¤â¤â¤â¤â¤â¤â¤gifyishgxğŸ˜‚ğŸ˜‚ğŸ˜®ğŸ˜…ğŸ˜Š,29,1,â¤â¤â¤â¤â¤â¤â¤â¤â¤â¤â¤â¤â¤â¤â¤gifyishgxğŸ˜‚ğŸ˜‚ğŸ˜®ğŸ˜…ğŸ˜Š,noise_only
CbS0FFzxjBI,Asian street food,2021-06-28T15:56:12Z,UgxzQdgp27DRKyo_vqd4AaABAg,2024-05-29T09:06:49Z,0,Aku semuanya aku tidak bisa bahasa kayak gitu ğŸ˜ŠğŸ˜ŠğŸ˜ŠğŸ˜ŠğŸ˜ŠğŸ˜ŠğŸ˜ŠğŸ˜ŠğŸ˜ŠğŸ˜ŠğŸ˜ŠğŸ˜Š,58,9,Aku semuanya aku tidak bisa bahasa kayak gitu ğŸ˜ŠğŸ˜ŠğŸ˜ŠğŸ˜ŠğŸ˜ŠğŸ˜ŠğŸ˜ŠğŸ˜ŠğŸ˜ŠğŸ˜ŠğŸ˜ŠğŸ˜Š,noise_only
CbS0FFzxjBI,Asian street food,2021-06-28T15:56:12Z,Ugw9fI3sAObA_lAJOrh4AaABAg,2024-05-27T00:49:11Z,1,Oooooooooooo,12,1,Oooooooooooo,noise_only
CbS0FFzxjBI,Asian street food,2021-06-28T15:56:12Z,Ugy51vt8RkugCs-qToR4AaABAg,2024-04-18T11:03:40Z,0,ÙˆØ§Ùˆâ¤,4,1,ÙˆØ§Ùˆâ¤,too_short_words
CbS0FFzxjBI,Asian street food,2021-06-28T15:56:12Z,Ugw0RuvBAEMIzKJRq414AaABAg,2024-04-05T14:22:04Z,0,ay yo quiero un ladoğŸ˜®ğŸ˜®ğŸ˜®ğŸ˜®ğŸ˜®,25,5,ay yo quiero un ladoğŸ˜®ğŸ˜®ğŸ˜®ğŸ˜®ğŸ˜®,noise_only
CbS0FFzxjBI,Asian street food,2021-06-28T15:56:12Z,Ugy5Y-_ivkDITYRafah4AaABAg,2024-03-27T13:36:55Z,0,ğŸ‰ycycfjcyixjytfğŸ‰ğŸ‰ğŸ‰ğŸ‰ğŸ‰ğŸ‰ğŸ‰6uvfovyuâ¤â¤â¤â¤hndyjdtygg6igğŸ˜®â¤ygtyggcvniggiib ugâ¤fyvgjjğŸ‰jğŸ‰jjjğŸ‰ğŸ‰jgij6yyğŸ‰jg8viiğŸ‰ğŸ‰ğŸ‰jhhgu,104,2,ğŸ‰ycycfjcyixjytfğŸ‰ğŸ‰ğŸ‰ğŸ‰ğŸ‰ğŸ‰ğŸ‰6uvfovyuâ¤â¤â¤â¤hndyjdtygg6igğŸ˜®â¤ygtyggcvniggiib ugâ¤fyvgjjğŸ‰jğŸ‰jjjğŸ‰ğŸ‰jgij6yyğŸ‰jg8viiğŸ‰ğŸ‰ğŸ‰jhhgu,noise_only
CbS0FFzxjBI,Asian street food,2021-06-28T15:56:12Z,UgxT7vuO2NHY6cA75V54AaABAg,2024-03-17T17:17:53Z,0,1â¤2â¤3â¤fjjrufjjdjejejjdudufuurufiifijfjcjğŸ˜…fijtjfjfjjfufjifj Hdjdjjejjjjjjjjjjjje,79,2,1â¤2â¤3â¤fjjrufjjdjejejjdudufuurufiifijfjcjğŸ˜…fijtjfjfjjfufjifj Hdjdjjejjjjjjjjjjjje,noise_only
CbS0FFzxjBI,Asian street food,2021-06-28T15:56:12Z,Ugy3vIKw7wagAUDS59p4AaABAg,2024-03-09T23:20:46Z,1,Uau ğŸ¨,5,2,Uau ğŸ¨,too_short_words
CbS0FFzxjBI,Asian street food,2021-06-28T15:56:12Z,UgxLJRuiKJ9Uasi0jed4AaABAg,2024-03-05T18:31:15Z,0,Yum,3,1,Yum,too_short_words
CbS0FFzxjBI,Asian street food,2021-06-28T15:56:12Z,UgxxczzyqaYI8ndK7xN4AaABAg,2024-03-03T00:22:14Z,0,Playdoh,7,1,Playdoh,too_short_words
CbS0FFzxjBI,Asian street food,2021-06-28T15:56:12Z,UgyLysJm6p0ffazL-et4AaABAg,2024-02-27T17:59:36Z,0,Ô³Õ¡Õ¶Õ¤Õ¸Õ¶,6,1,Ô³Õ¡Õ¶Õ¤Õ¸Õ¶,too_short_words
CbS0FFzxjBI,Asian street food,2021-06-28T15:56:12Z,UgxvOcvb4a-YHsJEtFJ4AaABAg,2024-02-26T11:13:49Z,0,DÄƒo,3,1,DÄƒo,too_short_words
CbS0FFzxjBI,Asian street food,2021-06-28T15:56:12Z,UgyjACOD45YgobNNX-B4AaABAg,2024-02-16T12:25:56Z,0,×™××™,3,1,×™××™,too_short_words
CbS0FFzxjBI,Asian street food,2021-06-28T15:56:12Z,Ugxr5GkyXj7bGOOIQRh4AaABAg,2024-02-10T05:08:20Z,0,Ka,2,1,Ka,too_short
CbS0FFzxjBI,Asian street food,2021-06-28T15:56:12Z,UgzrkqV9Cae8zwT9q7h4AaABAg,2024-02-08T07:30:23Z,0,Hkm,3,1,Hkm,too_short_words
CbS0FFzxjBI,Asian street food,2021-06-28T15:56:12Z,UgzGRID0foG7oOdWMOl4AaABAg,2024-02-07T13:19:33Z,0,Ø­Ù„Ùˆ,3,1,Ø­Ù„Ùˆ,too_short_words
CbS0FFzxjBI,Asian street food,2021-06-28T15:56:12Z,UgyLBdVTP7-5d2ERgp54AaABAg,2024-02-06T18:48:44Z,0,Yamii,5,1,Yamii,too_short_words
CbS0FFzxjBI,Asian street food,2021-06-28T15:56:12Z,UgxED4MS3LG4uNC9-tN4AaABAg,2024-02-05T15:55:32Z,0,FarangizğŸ‘ğŸ¿ğŸ‘ğŸ¿ğŸ‘ğŸ¿ğŸ‘ğŸ¿â¤â¤â¤â¤â¤â¤â¤â¤,24,1,FarangizğŸ‘ğŸ¿ğŸ‘ğŸ¿ğŸ‘ğŸ¿ğŸ‘ğŸ¿â¤â¤â¤â¤â¤â¤â¤â¤,noise_only
CbS0FFzxjBI,Asian street food,2021-06-28T15:56:12Z,Ugw6sGvk1lRAzMjtoBB4AaABAg,2024-02-05T11:27:53Z,0,WawyamiğŸ‰ğŸ‰ğŸ‰ğŸ‰ğŸ‰â¤â¤â¤â¤â¤â¤â¤â¤â¤,21,1,WawyamiğŸ‰ğŸ‰ğŸ‰ğŸ‰ğŸ‰â¤â¤â¤â¤â¤â¤â¤â¤â¤,noise_only
CbS0FFzxjBI,Asian street food,2021-06-28T15:56:12Z,Ugx-eSZFB9fDNNz5LCl4AaABAg,2024-02-03T15:20:31Z,0,K8,2,1,K8,too_short
CbS0FFzxjBI,Asian street food,2021-06-28T15:56:12Z,UgyrUlEe1RQDHBGiVMh4AaABAg,2024-02-03T11:13:14Z,0,Ø­Ù…Ø§Ø¨ØªÙ†Ù„Ù„ØªÙƒÙƒØªğŸ˜‚ğŸ˜‚ğŸ˜‚ğŸ˜‚ğŸ˜‚ÙƒÙ†Ù„ÙŠØ°Ù†Ù…ØªØªØ§Ù…Ù…Ù… Ù†Ø§Ø¨Ø§Ù„Ù… Ø­Ø§Ø¨ÙŠğŸ˜‚ğŸ˜‚,44,3,Ø­Ù…Ø§Ø¨ØªÙ†Ù„Ù„ØªÙƒÙƒØªğŸ˜‚ğŸ˜‚ğŸ˜‚ğŸ˜‚ğŸ˜‚ÙƒÙ†Ù„ÙŠØ°Ù†Ù…ØªØªØ§Ù…Ù…Ù… Ù†Ø§Ø¨Ø§Ù„Ù… Ø­Ø§Ø¨ÙŠğŸ˜‚ğŸ˜‚,noise_only
CbS0FFzxjBI,Asian street food,2021-06-28T15:56:12Z,Ugx4RiQOyfLo2t_BVYJ4AaABAg,2024-02-03T11:11:48Z,0,Ø¬Ù†Ù„Ø¨ÙÙ„Ø¯Ø­ÙƒğŸ˜‚Ù…Ø§Ù„Ù„ØªØ±Ø¯Ù„ØªÙ…ÙƒğŸ˜‚ğŸ˜‚ğŸ˜‚ğŸ˜‚ğŸ˜‚Ø©ØªÙ„Ø§Ø¨Ø³Ø³ØªØ¨Øµ Ù…Ø§ÙŠ,40,2,Ø¬Ù†Ù„Ø¨ÙÙ„Ø¯Ø­ÙƒğŸ˜‚Ù…Ø§Ù„Ù„ØªØ±Ø¯Ù„ØªÙ…ÙƒğŸ˜‚ğŸ˜‚ğŸ˜‚ğŸ˜‚ğŸ˜‚Ø©ØªÙ„Ø§Ø¨Ø³Ø³ØªØ¨Øµ Ù…Ø§ÙŠ,noise_only
CbS0FFzxjBI,Asian street food,2021-06-28T15:56:12Z,Ugz4wxfRfANm-G58JxJ4AaABAg,2024-02-03T04:20:21Z,0,Aaa,3,1,Aaa,too_short_words
CbS0FFzxjBI,Asian street food,2021-06-28T15:56:12Z,UgyykR1xJkgN7T-DdAl4AaABAg,2024-02-02T23:41:21Z,0,Ø§Ù†Ø§ ğŸ¥ºğŸ¥ºğŸ¥ºğŸ¥ºğŸ¥ºğŸ¥ºğŸ¥ºâ˜¹ï¸â˜¹ï¸â˜¹ï¸â˜¹ï¸â˜¹ï¸ğŸ¤•ğŸ˜·ğŸ¤’ğŸ¦¿Ø§Ù†Ø§ Ù‡Ùƒ Ø±Ø¬Ù„ÙŠ,36,4,Ø§Ù†Ø§ ğŸ¥ºğŸ¥ºğŸ¥ºğŸ¥ºğŸ¥ºğŸ¥ºğŸ¥ºâ˜¹ï¸â˜¹ï¸â˜¹ï¸â˜¹ï¸â˜¹ï¸ğŸ¤•ğŸ˜·ğŸ¤’ğŸ¦¿Ø§Ù†Ø§ Ù‡Ùƒ Ø±Ø¬Ù„ÙŠ,noise_only
CbS0FFzxjBI,Asian street food,2021-06-28T15:56:12Z,UgwqJGOEEE8ZEymy8kh4AaABAg,2024-02-01T00:21:08Z,0,queeico,7,1,queeico,too_short_words
CbS0FFzxjBI,Asian street food,2021-06-28T15:56:12Z,Ugw93HKnNCqssPGxpiJ4AaABAg,2024-01-29T17:41:13Z,0,â¤â¤â¤â¤â¤ Ø§Ø­Ø¨ÙƒÙ…,11,2,â¤â¤â¤â¤â¤ Ø§Ø­Ø¨ÙƒÙ…,noise_only
CbS0FFzxjBI,Asian street food,2021-06-28T15:56:12Z,UgxID5VqZ4pfB6mKNbp4AaABAg,2024-01-27T22:35:24Z,0,JeğŸ˜‚ğŸ˜‚ğŸ˜‚,5,1,JeğŸ˜‚ğŸ˜‚ğŸ˜‚,too_short_words
CbS0FFzxjBI,Asian street food,2021-06-28T15:56:12Z,UgyBc3ehuceMkBy4Fo14AaABAg,2024-01-16T13:07:28Z,0,Ø±ÙŠÙ†Ø§Ø³,5,1,Ø±ÙŠÙ†Ø§Ø³,too_short_words
CbS0FFzxjBI,Asian street food,2021-06-28T15:56:12Z,Ugw_PygRq0tAym9sZN14AaABAg,2024-01-16T05:22:10Z,0,ã™ã”ã„,3,1,ã™ã”ã„,too_short_words
CbS0FFzxjBI,Asian street food,2021-06-28T15:56:12Z,Ugx-aRBaZnnOZHCvCfl4AaABAg,2024-01-12T16:10:43Z,1,ğŸ˜…ALICE,6,1,ğŸ˜…ALICE,too_short_words
CbS0FFzxjBI,Asian street food,2021-06-28T15:56:12Z,UgxwrRcXap_ojL4zZDV4AaABAg,2024-01-12T11:32:05Z,0,is so good ğŸ¥µğŸ¤¤ğŸ¥µğŸ¥°ğŸ˜ğŸ¤©ğŸ‘‡ğŸ‘‡ğŸ‘‡ğŸ‘‡ğŸ‘‡,22,4,is so good ğŸ¥µğŸ¤¤ğŸ¥µğŸ¥°ğŸ˜ğŸ¤©ğŸ‘‡ğŸ‘‡ğŸ‘‡ğŸ‘‡ğŸ‘‡,noise_only
CbS0FFzxjBI,Asian street food,2021-06-28T15:56:12Z,UgwA-BEgf1dkLymiuR94AaABAg,2024-01-06T20:28:09Z,0,Y-,2,1,Y-,too_short
CbS0FFzxjBI,Asian street food,2021-06-28T15:56:12Z,UgwSJ7jpfpuiK78Ho594AaABAg,2024-01-06T09:16:04Z,0,ĞĞ´Ñ‚Ğ°Ğ´1â¤,7,1,ĞĞ´Ñ‚Ğ°Ğ´1â¤,too_short_words
CbS0FFzxjBI,Asian street food,2021-06-28T15:56:12Z,UgyzncGxHePYj1v7p114AaABAg,2024-01-05T23:43:10Z,0,I love rainbow ice cream ğŸ˜ğŸ˜ğŸ˜ğŸ˜ğŸ˜ğŸ˜ğŸ˜ğŸ˜,33,6,I love rainbow ice cream ğŸ˜ğŸ˜ğŸ˜ğŸ˜ğŸ˜ğŸ˜ğŸ˜ğŸ˜,noise_only
CbS0FFzxjBI,Asian street food,2021-06-28T15:56:12Z,Ugxttg6jk8ZnBPWnG4B4AaABAg,2024-01-05T21:44:45Z,0,Ff,2,1,Ff,too_short
CbS0FFzxjBI,Asian street food,2021-06-28T15:56:12Z,UgzV_setcWXoAQIU1hJ4AaABAg,2024-01-04T19:08:54Z,0,It's ğŸŒˆ,6,2,It's ğŸŒˆ,too_short_words
CbS0FFzxjBI,Asian street food,2021-06-28T15:56:12Z,UgzXTZGW-dgnzWdWYJ94AaABAg,2024-01-03T15:32:45Z,0,WAwâ¤â¤â¤,6,1,WAwâ¤â¤â¤,too_short_words
CbS0FFzxjBI,Asian street food,2021-06-28T15:56:12Z,UgxciwPCScAc5MrcHF54AaABAg,2024-01-03T08:40:04Z,0,ã…£ã…£ã…£ã…£ã…£ã…£ã…£.ã…£ã…£ã…£ã…£ã…£ã…£ã…£ã…£ã…£ã…£ã…£ã…£ã…£ã…£ã…£ã…£ã…£ã…£ã…£ã…£ã…£ã…£ã…£ã„±,32,1,ã…£ã…£ã…£ã…£ã…£ã…£ã…£.ã…£ã…£ã…£ã…£ã…£ã…£ã…£ã…£ã…£ã…£ã…£ã…£ã…£ã…£ã…£ã…£ã…£ã…£ã…£ã…£ã…£ã…£ã…£ã„±,noise_only
CbS0FFzxjBI,Asian street food,2021-06-28T15:56:12Z,Ugy5EYTlLkITVFwnshJ4AaABAg,2024-01-01T20:42:20Z,0,~`|â€¢âˆšÏ€Ã·Ã—Â§âˆ†Â£Â¢â‚¬Â¥^=Â°{}Â®Â®[]â¤â¤,25,1,~`|â€¢âˆšÏ€Ã·Ã—Â§âˆ†Â£Â¢â‚¬Â¥^=Â°{}Â®Â®[]â¤â¤,noise_only
CbS0FFzxjBI,Asian street food,2021-06-28T15:56:12Z,UgxJAOmXFa99FKVqQuZ4AaABAg,2023-12-28T18:38:30Z,0,Trsh,4,1,Trsh,too_short_words
CbS0FFzxjBI,Asian street food,2021-06-28T15:56:12Z,UgzhZwolXOYu8dKmiJh4AaABAg,2023-12-26T19:46:19Z,0,MUSIC IS A NOSTALGIAğŸ˜¢ğŸ˜¢ğŸ˜¢ğŸ˜¢ğŸ˜¢,25,4,MUSIC IS A NOSTALGIAğŸ˜¢ğŸ˜¢ğŸ˜¢ğŸ˜¢ğŸ˜¢,noise_only
CbS0FFzxjBI,Asian street food,2021-06-28T15:56:12Z,UgwDaJyFwE_WDFJrCc14AaABAg,2023-12-26T14:46:18Z,0,<2023>,6,1,<2023>,too_short_words
CbS0FFzxjBI,Asian street food,2021-06-28T15:56:12Z,Ugwt2YAd6ap385QB9mV4AaABAg,2023-12-26T14:23:33Z,0,Me to this ice cream Color so cool how is that make to eat that so sweet ğŸ¥² me to is sims like a ğŸ¤¤ eatâ¤â¤â¤â¤â¤â¤ color,113,27,Me to this ice cream Color so cool how is that make to eat that so sweet ğŸ¥² me to is sims like a ğŸ¤¤ eatâ¤â¤â¤â¤â¤â¤ color,noise_only
CbS0FFzxjBI,Asian street food,2021-06-28T15:56:12Z,Ugxt6Ff2QryqAAwTTnN4AaABAg,2023-12-22T09:45:26Z,0,ë§›ì´ê²Œë‹¤,4,1,ë§›ì´ê²Œë‹¤,too_short_words
CbS0FFzxjBI,Asian street food,2021-06-28T15:56:12Z,Ugw4bgljM2CJBc7Hdcd4AaABAg,2023-12-18T14:09:17Z,0,ğŸ˜®Leker,6,1,ğŸ˜®Leker,too_short_words
CbS0FFzxjBI,Asian street food,2021-06-28T15:56:12Z,UgwDAVO-GvdEFhvCCZx4AaABAg,2023-12-04T15:18:39Z,0,à¦šà§‹à¦– ğŸ˜‚ğŸ‰,6,2,à¦šà§‹à¦– ğŸ˜‚ğŸ‰,too_short_words
CbS0FFzxjBI,Asian street food,2021-06-28T15:56:12Z,Ugy1ZiqjnUdiEIg-8m14AaABAg,2023-11-27T16:39:14Z,0,de que pais sos para benir a Paraguay ğŸ˜†ğŸ˜†ğŸ˜†ğŸ˜†ğŸ˜†ğŸ˜†ğŸ˜†ğŸ˜†ğŸ˜†ğŸ˜†ğŸ˜†ğŸ˜†ğŸ˜†ğŸ˜†ğŸ˜†ğŸ˜†ğŸ˜†ğŸ˜†ğŸ˜†ğŸ˜†ğŸ˜†ğŸ˜†ğŸ˜†ğŸ˜†ğŸ˜†ğŸ˜†ğŸ˜†ğŸ˜†ğŸ˜†ğŸ˜†ğŸ˜†ğŸ˜†ğŸ˜†ğŸ˜†ğŸ˜†ğŸ˜†ğŸ˜†ğŸ˜†ğŸ˜†ğŸ˜†ğŸ˜†ğŸ˜†ğŸ˜† puse asta 1000000 sien,104,13,de que pais sos para benir a Paraguay ğŸ˜†ğŸ˜†ğŸ˜†ğŸ˜†ğŸ˜†ğŸ˜†ğŸ˜†ğŸ˜†ğŸ˜†ğŸ˜†ğŸ˜†ğŸ˜†ğŸ˜†ğŸ˜†ğŸ˜†ğŸ˜†ğŸ˜†ğŸ˜†ğŸ˜†ğŸ˜†ğŸ˜†ğŸ˜†ğŸ˜†ğŸ˜†ğŸ˜†ğŸ˜†ğŸ˜†ğŸ˜†ğŸ˜†ğŸ˜†ğŸ˜†ğŸ˜†ğŸ˜†ğŸ˜†ğŸ˜†ğŸ˜†ğŸ˜†ğŸ˜†ğŸ˜†ğŸ˜†ğŸ˜†ğŸ˜†ğŸ˜† puse asta 1000000 sien,noise_only
CbS0FFzxjBI,Asian street food,2021-06-28T15:56:12Z,Ugw0dB76RfR3JwQS2U94AaABAg,2023-11-25T13:48:17Z,0,WooooowğŸ˜®ğŸ˜®ğŸ˜®,10,1,WooooowğŸ˜®ğŸ˜®ğŸ˜®,noise_only
CbS0FFzxjBI,Asian street food,2021-06-28T15:56:12Z,UgzMda25UkIVHg1Hzr14AaABAg,2023-11-24T21:12:19Z,0,Legauuuuuuu,11,1,Legauuuuuuu,noise_only
CbS0FFzxjBI,Asian street food,2021-06-28T15:56:12Z,UgxeYYnqZhC4Px5gGTh4AaABAg,2023-11-24T18:12:58Z,0,ØªÙ…Ø³Ø¶Ø¨Øº,6,1,ØªÙ…Ø³Ø¶Ø¨Øº,too_short_words
CbS0FFzxjBI,Asian street food,2021-06-28T15:56:12Z,UgwPRgGu1YpW04AsGcx4AaABAg,2023-11-14T23:35:35Z,1,HHolağŸ’™ğŸ’™ğŸ’™ğŸ’™ğŸ’™ğŸ’™ğŸ’™ğŸ’™,13,1,HHolağŸ’™ğŸ’™ğŸ’™ğŸ’™ğŸ’™ğŸ’™ğŸ’™ğŸ’™,noise_only
Of1pYnNRz68,Asian Street food,2023-09-10T15:54:57Z,UgzQZBMEMAWBANHI2Td4AaABAg,2025-09-11T05:20:48Z,0,https://youtube.com/shorts/ODnsbHIb4R0?si=q9y4RO9LFHSCydLM,58,1,<URL>,too_short_words
Of1pYnNRz68,Asian Street food,2023-09-10T15:54:57Z,UgysPMFbrDf8o462V8V4AaABAg,2025-09-05T16:21:07Z,0,â¤â¤â¤â¤â¤â¤â¤â¤â¤â¤â¤â¤â¤â¤,14,1,â¤â¤â¤â¤â¤â¤â¤â¤â¤â¤â¤â¤â¤â¤,noise_only
Of1pYnNRz68,Asian Street food,2023-09-10T15:54:57Z,UgxmTS1s2CiJDQl_rnd4AaABAg,2025-09-05T16:20:48Z,0,Iove.,5,1,Iove.,too_short_words
Of1pYnNRz68,Asian Street food,2023-09-10T15:54:57Z,Ugyf7n7pc1pMREZSc5Z4AaABAg,2025-08-01T12:40:07Z,0,ğŸ˜‚zğŸ˜‚ğŸ˜‚,4,1,ğŸ˜‚zğŸ˜‚ğŸ˜‚,too_short_words
Of1pYnNRz68,Asian Street food,2023-09-10T15:54:57Z,Ugx2-unPQU6WPcD8E1F4AaABAg,2025-07-31T16:05:18Z,0,Superb,6,1,Superb,too_short_words
Of1pYnNRz68,Asian Street food,2023-09-10T15:54:57Z,UgwtjbsE1bEEXCNkv4N4AaABAg,2025-07-11T22:40:53Z,0,"WOW, your recipe is amazing! ğŸ‘ I'm also sharing delicious desi food recipes on my channel â€” full of rich flavors and homemade love! ğŸ˜‹ If anyone loves traditional dishes like biryani, daal, or desi snacks, feel free to visit my channel. I'd truly appreciate your support â€” let's grow and cook together! â¤ï¸ğŸ²",305,54,"WOW, your recipe is amazing! ğŸ‘ I'm also sharing delicious desi food recipes on my channel â€” full of rich flavors and homemade love! ğŸ˜‹ If anyone loves traditional dishes like biryani, daal, or desi snacks, feel free to visit my channel. I'd truly appreciate your support â€” let's grow and cook together! â¤ï¸ğŸ²",spam_like
Of1pYnNRz68,Asian Street food,2023-09-10T15:54:57Z,UgxA34D0EaKBpwHgpbR4AaABAg,2025-07-09T15:01:05Z,0,nice,4,1,nice,too_short_words
Of1pYnNRz68,Asian Street food,2023-09-10T15:54:57Z,UgzKctI_FaervLKZRMV4AaABAg,2025-06-04T07:00:00Z,0,Wow,3,1,Wow,too_short_words
Of1pYnNRz68,Asian Street food,2023-09-10T15:54:57Z,UgxN9kuUNV7VTWDIs_p4AaABAg,2025-01-27T01:42:05Z,0,ğŸ‰ğŸ˜‚xÃ ,4,1,ğŸ‰ğŸ˜‚xÃ ,too_short_words
Of1pYnNRz68,Asian Street food,2023-09-10T15:54:57Z,Ugw5VoHUTKpfEtbnWy94AaABAg,2025-01-19T12:08:57Z,0,Why,3,1,Why,too_short_words
Of1pYnNRz68,Asian Street food,2023-09-10T15:54:57Z,UgzeLSb0fbtYtGjO-R54AaABAg,2024-06-06T04:54:58Z,0,#shivkumar_78811,16,1,#shivkumar_78811,noise_only
Of1pYnNRz68,Asian Street food,2023-09-10T15:54:57Z,Ugw2Lxs-MXHqEaVNXdV4AaABAg,2024-05-04T07:34:29Z,0,à¸„à¸·à¸­à¸­à¸°à¹„à¸£,7,1,à¸„à¸·à¸­à¸­à¸°à¹„à¸£,too_short_words
Of1pYnNRz68,Asian Street food,2023-09-10T15:54:57Z,Ugzh8yt6kdTYAxRqwCt4AaABAg,2024-04-14T16:40:56Z,0,hloâ¤,4,1,hloâ¤,too_short_words
Of1pYnNRz68,Asian Street food,2023-09-10T15:54:57Z,Ugxz6QuBGPjbRvYrap94AaABAg,2024-03-29T09:43:54Z,0,awsome,6,1,awsome,too_short_words
Of1pYnNRz68,Asian Street food,2023-09-10T15:54:57Z,UgxCD_qrsu901KXmyUV4AaABAg,2024-03-29T01:09:42Z,0,ParabÃ©ns Deus abenÃ§oe sempre â¤â¤â¤â¤â¤â¤â¤,36,5,ParabÃ©ns Deus abenÃ§oe sempre â¤â¤â¤â¤â¤â¤â¤,noise_only
Of1pYnNRz68,Asian Street food,2023-09-10T15:54:57Z,UgwECAI2LzAfzQuATZd4AaABAg,2024-03-05T16:21:55Z,0,10.,3,1,10.,too_short_words
Of1pYnNRz68,Asian Street food,2023-09-10T15:54:57Z,Ugzof1GsRiAS-NtinQR4AaABAg,2024-02-23T13:57:42Z,0,Dont short hand or eat food for your money..better more than half hungry donkeyğŸ˜®ğŸ˜…ğŸ˜…ğŸ˜…ğŸ˜…ğŸ˜…ğŸ˜¢ğŸ˜¢ğŸ˜¢ğŸ˜…,89,14,Dont short hand or eat food for your money..better more than half hungry donkeyğŸ˜®ğŸ˜…ğŸ˜…ğŸ˜…ğŸ˜…ğŸ˜…ğŸ˜¢ğŸ˜¢ğŸ˜¢ğŸ˜…,noise_only
Of1pYnNRz68,Asian Street food,2023-09-10T15:54:57Z,Ugyrg2-kHlMUcM9TvIh4AaABAg,2024-02-13T03:55:33Z,0,Ppp,3,1,Ppp,too_short_words
Of1pYnNRz68,Asian Street food,2023-09-10T15:54:57Z,Ugyg5veEzUGzee9ENZd4AaABAg,2024-02-10T10:30:50Z,0,Yummy ğŸ˜‹,7,2,Yummy ğŸ˜‹,too_short_words
Of1pYnNRz68,Asian Street food,2023-09-10T15:54:57Z,Ugyrl_rkeVlIce561e94AaABAg,2024-01-18T10:48:03Z,1,NPC,3,1,NPC,too_short_words
Of1pYnNRz68,Asian Street food,2023-09-10T15:54:57Z,UgwIJxesO-cFW7RBfGt4AaABAg,2024-01-16T19:39:39Z,0,"Yyyyyy eso que es, como se llama, para que  sirve, se come, aque sabe, se sirve con frijoles  Ã³ con guacamole, se acompaÃ±a con una coca o con una cerveza, o con un pulquito. Jaha saludos hermosa",194,37,"Yyyyyy eso que es, como se llama, para que sirve, se come, aque sabe, se sirve con frijoles Ã³ con guacamole, se acompaÃ±a con una coca o con una cerveza, o con un pulquito. Jaha saludos hermosa",noise_only
Of1pYnNRz68,Asian Street food,2023-09-10T15:54:57Z,UgwsHaq_m1LyUQFYIO54AaABAg,2024-01-11T14:58:26Z,0,Hello,5,1,Hello,too_short_words
Of1pYnNRz68,Asian Street food,2023-09-10T15:54:57Z,UgzjeWHduZh7VKiICKF4AaABAg,2024-01-02T10:22:17Z,0,æˆ‘æ€ä¹ˆæ„Ÿè§‰ä¸ç†Ÿ,7,1,æˆ‘æ€ä¹ˆæ„Ÿè§‰ä¸ç†Ÿ,too_short_words
Of1pYnNRz68,Asian Street food,2023-09-10T15:54:57Z,UgwJstZdooGYP1psZYJ4AaABAg,2024-01-02T09:24:22Z,0,Peyek,5,1,Peyek,too_short_words
Of1pYnNRz68,Asian Street food,2023-09-10T15:54:57Z,UgwhzlgZQXbegDyEkrR4AaABAg,2023-12-31T12:09:36Z,0,é¼é‚ŠéŠ¼,3,1,é¼é‚ŠéŠ¼,too_short_words
Of1pYnNRz68,Asian Street food,2023-09-10T15:54:57Z,UgyLFGnidBQsdFOQA0F4AaABAg,2023-12-30T15:57:04Z,0,Where?,6,1,Where?,too_short_words
Of1pYnNRz68,Asian Street food,2023-09-10T15:54:57Z,UgyPj-e_XB5DdbEmGtt4AaABAg,2023-12-26T23:47:39Z,0,Bendisiones ğŸ™ğŸ™ğŸ™ğŸŒŸğŸŒŸğŸŒŸğŸŒŸğŸŒŸğŸŒŸğŸŒŸğŸŒŸğŸŒŸğŸŒŸğŸŒŸğŸŒŸğŸŒŸ,28,2,Bendisiones ğŸ™ğŸ™ğŸ™ğŸŒŸğŸŒŸğŸŒŸğŸŒŸğŸŒŸğŸŒŸğŸŒŸğŸŒŸğŸŒŸğŸŒŸğŸŒŸğŸŒŸğŸŒŸ,noise_only
Of1pYnNRz68,Asian Street food,2023-09-10T15:54:57Z,UgwVYOqc0WWs0isabqZ4AaABAg,2023-12-23T18:03:06Z,0,Hhjj,4,1,Hhjj,too_short_words
Of1pYnNRz68,Asian Street food,2023-09-10T15:54:57Z,UgzheYEmavQAbtnx5C14AaABAg,2023-12-14T08:00:27Z,0,á€˜á€¬á€™á€¯á€”á€ºá€·,7,1,á€˜á€¬á€™á€¯á€”á€ºá€·,too_short_words
Of1pYnNRz68,Asian Street food,2023-09-10T15:54:57Z,Ugx1fwoDxD9KdbgHJTB4AaABAg,2023-12-06T18:03:50Z,0,Pesca,5,1,Pesca,too_short_words
Of1pYnNRz68,Asian Street food,2023-09-10T15:54:57Z,UgzcXW-xkjKQMr8h9-N4AaABAg,2023-12-02T11:02:26Z,0,1ç‰©äºŒç”¨,4,1,1ç‰©äºŒç”¨,too_short_words
Of1pYnNRz68,Asian Street food,2023-09-10T15:54:57Z,Ugxq3bzXOamX4ZzLlMt4AaABAg,2023-11-20T15:06:42Z,0,â¤áªá§,3,1,â¤áªá§,too_short_words
Of1pYnNRz68,Asian Street food,2023-09-10T15:54:57Z,UgzYWeNiaZoEW6hGA_B4AaABAg,2023-11-20T13:26:58Z,0,ì•„ë¦„ë‹¤ìš´.,5,1,ì•„ë¦„ë‹¤ìš´.,too_short_words
Of1pYnNRz68,Asian Street food,2023-09-10T15:54:57Z,UgxTf1KBkmAlHO4cNWd4AaABAg,2023-11-11T22:08:19Z,0,â¤â¤â¤â¤â¤ğŸ‰ Ù…Ø±Ø­Ø¨Ø§ Ø¨Ùƒ ÙÙŠ ØµÙØ­Ø©,23,5,â¤â¤â¤â¤â¤ğŸ‰ Ù…Ø±Ø­Ø¨Ø§ Ø¨Ùƒ ÙÙŠ ØµÙØ­Ø©,noise_only
Of1pYnNRz68,Asian Street food,2023-09-10T15:54:57Z,Ugy2i_pm6qsdtRFKDoV4AaABAg,2023-10-31T10:38:33Z,0,Niceee,6,1,Niceee,too_short_words
Of1pYnNRz68,Asian Street food,2023-09-10T15:54:57Z,Ugy_DTsdz1IzHHrQUKJ4AaABAg,2023-10-29T03:25:33Z,0,OpğŸ˜ŠğŸ˜ŠğŸ˜Š,5,1,OpğŸ˜ŠğŸ˜ŠğŸ˜Š,too_short_words
Of1pYnNRz68,Asian Street food,2023-09-10T15:54:57Z,Ugw0LomjH8DbcJEO8lV4AaABAg,2023-10-25T23:00:13Z,0,é»è®š,2,1,é»è®š,too_short
Of1pYnNRz68,Asian Street food,2023-09-10T15:54:57Z,Ugz9XSKr3g3rkjw73RZ4AaABAg,2023-10-19T13:32:32Z,0,good,4,1,good,too_short_words
Of1pYnNRz68,Asian Street food,2023-09-10T15:54:57Z,UgxyREMqzI9C3lZgkHV4AaABAg,2023-10-17T07:37:47Z,0,Hi,2,1,Hi,too_short
Of1pYnNRz68,Asian Street food,2023-09-10T15:54:57Z,UgwxcAjMiCxWEVV6JJ14AaABAg,2023-10-14T15:41:18Z,20,ğŸ˜®ğŸ˜®ğŸ˜®ğŸ˜®ğŸ˜® fico admirada na rapidez deles fazerem comida e tb comerem,64,11,ğŸ˜®ğŸ˜®ğŸ˜®ğŸ˜®ğŸ˜® fico admirada na rapidez deles fazerem comida e tb comerem,noise_only
Of1pYnNRz68,Asian Street food,2023-09-10T15:54:57Z,UgzJimBWOu0nuKjsqp14AaABAg,2023-10-13T23:04:58Z,2,Ang dami nakapilağŸ˜…ğŸ˜…ğŸ˜…ğŸ˜…ğŸ˜…ğŸ‰,23,3,Ang dami nakapilağŸ˜…ğŸ˜…ğŸ˜…ğŸ˜…ğŸ˜…ğŸ‰,noise_only
Of1pYnNRz68,Asian Street food,2023-09-10T15:54:57Z,UgwyGibAzorA6RjMbEp4AaABAg,2023-10-13T19:10:30Z,0,Xnxxx,5,1,Xnxxx,too_short_words
Of1pYnNRz68,Asian Street food,2023-09-10T15:54:57Z,Ugw2bFApHJaw2VkUD4p4AaABAg,2023-10-13T19:10:07Z,0,Sxxxx,5,1,Sxxxx,too_short_words
Of1pYnNRz68,Asian Street food,2023-09-10T15:54:57Z,Ugw21mrU8BNs7wKfDlx4AaABAg,2023-10-13T14:46:41Z,14,Thanks very beautiful street food making thanks very beautiful thanks; ğŸ‰ğŸ‰ğŸ‰ğŸ‰ğŸ‰ğŸ‰â¤â¤â¤â¤â¤â¤,83,11,Thanks very beautiful street food making thanks very beautiful thanks; ğŸ‰ğŸ‰ğŸ‰ğŸ‰ğŸ‰ğŸ‰â¤â¤â¤â¤â¤â¤,noise_only
Of1pYnNRz68,Asian Street food,2023-09-10T15:54:57Z,UgzZYf6xgDeWZbWPzKt4AaABAg,2023-10-13T05:57:26Z,9,"BÃ¡nh cháº¯c ngon, vÃª sinh  sach sáº½ ngÆ°á»i bÃ¡n xinh quÃ¡ mang Ä‘á»“ Ä‘áº¹p sáº¡ch sáº½â¤â¤â¤â¤â¤â¤â¤â¤â¤â¤â¤â¤â¤",84,16,"BÃ¡nh cháº¯c ngon, vÃª sinh sach sáº½ ngÆ°á»i bÃ¡n xinh quÃ¡ mang Ä‘á»“ Ä‘áº¹p sáº¡ch sáº½â¤â¤â¤â¤â¤â¤â¤â¤â¤â¤â¤â¤â¤",noise_only
Of1pYnNRz68,Asian Street food,2023-09-10T15:54:57Z,UgypaI_EV1eoAjyfPLB4AaABAg,2023-10-13T01:15:41Z,2,AmÃ©m â¤,6,2,AmÃ©m â¤,too_short_words
Of1pYnNRz68,Asian Street food,2023-09-10T15:54:57Z,UgxKCqcTLPZzxb0BNkV4AaABAg,2023-10-12T14:23:56Z,0,Jlo,3,1,Jlo,too_short_words
Of1pYnNRz68,Asian Street food,2023-09-10T15:54:57Z,UgwxybBB6A78Ep29Cyx4AaABAg,2023-10-12T00:39:14Z,0,è¿™æ˜¯ç¦å»ºçš„é”…è¾¹,7,1,è¿™æ˜¯ç¦å»ºçš„é”…è¾¹,too_short_words
Of1pYnNRz68,Asian Street food,2023-09-10T15:54:57Z,Ugws7wWJMHAvNtg3iHB4AaABAg,2023-10-11T10:22:14Z,0,ØªØ®Ø¨,3,1,ØªØ®Ø¨,too_short_words
Of1pYnNRz68,Asian Street food,2023-09-10T15:54:57Z,UgyX9EfvyhD4FaKF8Ld4AaABAg,2023-10-09T09:11:16Z,0,Cabbage,7,1,Cabbage,too_short_words
Of1pYnNRz68,Asian Street food,2023-09-10T15:54:57Z,Ugx7Fy_LeJ-ZSSbXkuV4AaABAg,2023-10-08T21:11:12Z,19,How  come  we in the States  can not do this  ?????,51,11,How come we in the States can not do this ?????,noise_only
Of1pYnNRz68,Asian Street food,2023-09-10T15:54:57Z,UgxNzgKiv5UeKz_1IfR4AaABAg,2023-10-07T13:36:56Z,0,O.0ğŸ˜ŠğŸ˜ŠğŸ˜Š,6,1,O.0ğŸ˜ŠğŸ˜ŠğŸ˜Š,too_short_words
Of1pYnNRz68,Asian Street food,2023-09-10T15:54:57Z,Ugw0vX5Ke2ZBG37nGdh4AaABAg,2023-10-07T13:36:46Z,0,009Ä¥7ğŸ˜…ğŸ˜…,7,1,009Ä¥7ğŸ˜…ğŸ˜…,too_short_words
Of1pYnNRz68,Asian Street food,2023-09-10T15:54:57Z,UgxD1cUgxpC_U2t4BuR4AaABAg,2023-10-07T09:38:48Z,1,4 grade,7,2,4 grade,too_short_words
Of1pYnNRz68,Asian Street food,2023-09-10T15:54:57Z,UgwWk2Mu2Kz0qcTQSn94AaABAg,2023-10-02T05:17:15Z,4,Expert!,7,1,Expert!,too_short_words
Of1pYnNRz68,Asian Street food,2023-09-10T15:54:57Z,UgzqrdmtWe3af55-zod4AaABAg,2023-09-29T11:13:51Z,1,é¼é‚Šå‰‰,3,1,é¼é‚Šå‰‰,too_short_words
Of1pYnNRz68,Asian Street food,2023-09-10T15:54:57Z,Ugy-cvAmRrHD1u0tsNB4AaABAg,2023-09-27T05:17:22Z,0,Helo youâ¤â¤â¤â¤â¤â¤â¤â¤â¤â¤,18,2,Helo youâ¤â¤â¤â¤â¤â¤â¤â¤â¤â¤,noise_only
Of1pYnNRz68,Asian Street food,2023-09-10T15:54:57Z,UgyEf3RfWojTOW274dt4AaABAg,2023-09-26T05:34:30Z,0,à®†à®ªà¯à®ªà®®à¯,6,1,à®†à®ªà¯à®ªà®®à¯,too_short_words
Of1pYnNRz68,Asian Street food,2023-09-10T15:54:57Z,UgxddmayzC4F81kicPR4AaABAg,2023-09-24T00:39:43Z,0,ShowğŸ˜®,5,1,ShowğŸ˜®,too_short_words
Of1pYnNRz68,Asian Street food,2023-09-10T15:54:57Z,UgxAwTTeHIFpZQAx_YR4AaABAg,2023-09-22T17:46:18Z,0,å·¦å³é–‹å¼“ğŸ‘ğŸ˜,6,1,å·¦å³é–‹å¼“ğŸ‘ğŸ˜,too_short_words
Of1pYnNRz68,Asian Street food,2023-09-10T15:54:57Z,Ugx4BBvwUelVtn90ECV4AaABAg,2023-09-22T07:04:23Z,1,Kiim deyÉ™e bu nÉ™nisiri tapansvirurÉ™k hÉ™diyyÉ™ c.m.atacam birazda.gozlÉ™yim cixim burdan sÉ™si zÉ™hlÉ™miapardi goLÉ™tirÉ™llllll,119,13,Kiim deyÉ™e bu nÉ™nisiri tapansvirurÉ™k hÉ™diyyÉ™ c.m.atacam birazda.gozlÉ™yim cixim burdan sÉ™si zÉ™hlÉ™miapardi goLÉ™tirÉ™llllll,noise_only
Of1pYnNRz68,Asian Street food,2023-09-10T15:54:57Z,UgzhHVKquf6piK6eWHJ4AaABAg,2023-09-21T20:51:58Z,0,ãã‚Œã‹ã‚‰ï¼Ÿ,5,1,ãã‚Œã‹ã‚‰ï¼Ÿ,too_short_words
Of1pYnNRz68,Asian Street food,2023-09-10T15:54:57Z,UgwyWaRlgdiU3AIPQCx4AaABAg,2023-09-19T05:16:51Z,0,Asiaaaa,7,1,Asiaaaa,too_short_words
Of1pYnNRz68,Asian Street food,2023-09-10T15:54:57Z,UgzeiMPkfpVAPyGFynV4AaABAg,2023-09-17T06:30:36Z,4,ëœìµì—ˆë‹¤,4,1,ëœìµì—ˆë‹¤,too_short_words
cCxe5vIkZUQ,I Tried Every Drive Thruâ€™s Worst Item,2024-10-08T20:35:00Z,Ugzh_GNaxTkWZwVT_o14AaABAg,2025-09-25T16:47:02Z,0,67,2,1,67,too_short
cCxe5vIkZUQ,I Tried Every Drive Thruâ€™s Worst Item,2024-10-08T20:35:00Z,UgzlyfwRHqW8AZB9ilx4AaABAg,2025-09-24T16:11:53Z,0,Alooooooooooooooooo toh kha loğŸ˜…ğŸ˜…,32,4,Alooooooooooooooooo toh kha loğŸ˜…ğŸ˜…,noise_only
cCxe5vIkZUQ,I Tried Every Drive Thruâ€™s Worst Item,2024-10-08T20:35:00Z,UgzcDnFrrIlrFlKXUbx4AaABAg,2025-09-23T11:29:06Z,0,Alooooo khoge ğŸ˜‚,15,3,Alooooo khoge ğŸ˜‚,noise_only
cCxe5vIkZUQ,I Tried Every Drive Thruâ€™s Worst Item,2024-10-08T20:35:00Z,Ugyluxm1ZZua0NuEsjp4AaABAg,2025-09-20T10:00:12Z,0,M,1,1,M,too_short
cCxe5vIkZUQ,I Tried Every Drive Thruâ€™s Worst Item,2024-10-08T20:35:00Z,UgyUcKy4-I0romnBHil4AaABAg,2025-09-19T09:15:16Z,0,Non,3,1,Non,too_short_words
cCxe5vIkZUQ,I Tried Every Drive Thruâ€™s Worst Item,2024-10-08T20:35:00Z,UgzxHUp5-y0_UMyBiwZ4AaABAg,2025-09-17T22:25:28Z,0,Ok,2,1,Ok,too_short
cCxe5vIkZUQ,I Tried Every Drive Thruâ€™s Worst Item,2024-10-08T20:35:00Z,UgxMKtIzS6IUXbFB0114AaABAg,2025-09-17T12:21:43Z,0,Dunkin Donuts is my favorite food because  they have swwwwweeeeetttt donut!,75,11,Dunkin Donuts is my favorite food because they have swwwwweeeeetttt donut!,noise_only
cCxe5vIkZUQ,I Tried Every Drive Thruâ€™s Worst Item,2024-10-08T20:35:00Z,UgytnJT80DRPU-D1ieV4AaABAg,2025-09-16T15:57:47Z,1,Aber tut mir leid und die SchimpfwÃ¶rter oder tut mir auch nicht leid weil ihr seid selbst furzen wie h******** ausschaut manchmal wie YouTube aber Youtube hoffe ich ihn nett ist oder haue ins Maul,196,35,Aber tut mir leid und die SchimpfwÃ¶rter oder tut mir auch nicht leid weil ihr seid selbst furzen wie h******** ausschaut manchmal wie YouTube aber Youtube hoffe ich ihn nett ist oder haue ins Maul,noise_only
cCxe5vIkZUQ,I Tried Every Drive Thruâ€™s Worst Item,2024-10-08T20:35:00Z,Ugx6GVCWBowLzCjoVyN4AaABAg,2025-09-16T15:56:14Z,1,Ihr meine Frage Burger schmecken gut warum lege ich jetzt zum Essen bin ich blÃ¶d ich hoffe der Typ ist dort blÃ¶d Alter sauft weniger ihr f*****,143,27,Ihr meine Frage Burger schmecken gut warum lege ich jetzt zum Essen bin ich blÃ¶d ich hoffe der Typ ist dort blÃ¶d Alter sauft weniger ihr f*****,noise_only
cCxe5vIkZUQ,I Tried Every Drive Thruâ€™s Worst Item,2024-10-08T20:35:00Z,Ugyo9-shP97DRMlA7594AaABAg,2025-09-09T17:03:52Z,0,ğŸ¤¢ğŸ¤®ğŸ¤§ğŸ˜·ğŸ¤’,5,1,ğŸ¤¢ğŸ¤®ğŸ¤§ğŸ˜·ğŸ¤’,noise_only
cCxe5vIkZUQ,I Tried Every Drive Thruâ€™s Worst Item,2024-10-08T20:35:00Z,UgzUwQG6WLG8LaC9lqp4AaABAg,2025-09-07T18:29:54Z,0,The kfc famous bowl is sooooo good,34,7,The kfc famous bowl is sooooo good,noise_only
cCxe5vIkZUQ,I Tried Every Drive Thruâ€™s Worst Item,2024-10-08T20:35:00Z,UgwfbeB7j_J97-r_tHN4AaABAg,2025-09-05T09:00:50Z,0,Nice,4,1,Nice,too_short_words
cCxe5vIkZUQ,I Tried Every Drive Thruâ€™s Worst Item,2024-10-08T20:35:00Z,UgwdTLd8RYyGQV_3Edx4AaABAg,2025-08-28T14:07:43Z,1,D:,2,1,D:,too_short
cCxe5vIkZUQ,I Tried Every Drive Thruâ€™s Worst Item,2024-10-08T20:35:00Z,UgygRc4wxixt7ihDpBB4AaABAg,2025-08-27T10:34:55Z,0,ironicğŸ˜‚,7,1,ironicğŸ˜‚,too_short_words
cCxe5vIkZUQ,I Tried Every Drive Thruâ€™s Worst Item,2024-10-08T20:35:00Z,Ugzyk7gJ5_FFa_Rqqk14AaABAg,2025-08-26T05:50:19Z,0,Me,2,1,Me,too_short
cCxe5vIkZUQ,I Tried Every Drive Thruâ€™s Worst Item,2024-10-08T20:35:00Z,Ugzn3L63BlC9HSPHOa54AaABAg,2025-08-17T23:24:17Z,0,DID YOU HATE ON TACO BELL TACO PIZZA?????!!!!!,46,8,DID YOU HATE ON TACO BELL TACO PIZZA?????!!!!!,noise_only
cCxe5vIkZUQ,I Tried Every Drive Thruâ€™s Worst Item,2024-10-08T20:35:00Z,Ugy_HsxaoaySnII7bwV4AaABAg,2025-08-15T10:59:28Z,0,KFC,3,1,KFC,too_short_words
cCxe5vIkZUQ,I Tried Every Drive Thruâ€™s Worst Item,2024-10-08T20:35:00Z,UgzPElZWSPGXkXCLRjh4AaABAg,2025-08-11T15:05:24Z,1,"""Who's hating on powdered donuts?"" EXACTLY! Why don't they have that many of them? Their sooooooooo good!",105,17,"""Who's hating on powdered donuts?"" EXACTLY! Why don't they have that many of them? Their sooooooooo good!",noise_only
cCxe5vIkZUQ,I Tried Every Drive Thruâ€™s Worst Item,2024-10-08T20:35:00Z,UgztxV6olYdSGNnvCcF4AaABAg,2025-08-07T11:47:42Z,0,Did you wash your hands before eating?????? ğŸ¤”,45,8,Did you wash your hands before eating?????? ğŸ¤”,noise_only
cCxe5vIkZUQ,I Tried Every Drive Thruâ€™s Worst Item,2024-10-08T20:35:00Z,UgwQgfNYlqIvjEiepEh4AaABAg,2025-08-05T13:25:51Z,0,Ğ¥ÑƒĞ´ÑˆĞ¸Ğ¹,6,1,Ğ¥ÑƒĞ´ÑˆĞ¸Ğ¹,too_short_words
cCxe5vIkZUQ,I Tried Every Drive Thruâ€™s Worst Item,2024-10-08T20:35:00Z,UgyTpMJ8tx3jFcfZurR4AaABAg,2025-08-05T10:09:24Z,0,Powdered... Donuts..... (The trauma from Ranpoe slowly comes back to me),72,11,Powdered... Donuts..... (The trauma from Ranpoe slowly comes back to me),noise_only
cCxe5vIkZUQ,I Tried Every Drive Thruâ€™s Worst Item,2024-10-08T20:35:00Z,Ugz_T9JCdpodvui4gpF4AaABAg,2025-08-03T23:17:01Z,0,6.600,5,1,6.600,too_short_words
cCxe5vIkZUQ,I Tried Every Drive Thruâ€™s Worst Item,2024-10-08T20:35:00Z,UgwejLuVVD6dUowgsc54AaABAg,2025-08-01T17:49:17Z,0,Ewwwwwww you stole content from a Russian blogger,49,8,Ewwwwwww you stole content from a Russian blogger,noise_only
cCxe5vIkZUQ,I Tried Every Drive Thruâ€™s Worst Item,2024-10-08T20:35:00Z,Ugx-AFUoSnIRb9-302Z4AaABAg,2025-08-01T02:15:51Z,0,Worst,5,1,Worst,too_short_words
cCxe5vIkZUQ,I Tried Every Drive Thruâ€™s Worst Item,2024-10-08T20:35:00Z,UgzGHdz-ToieTtNMuMJ4AaABAg,2025-07-28T08:20:19Z,0,Fillet O fish mmmmmmmmmmm â¤ï¸,28,5,Fillet O fish mmmmmmmmmmm â¤ï¸,noise_only
cCxe5vIkZUQ,I Tried Every Drive Thruâ€™s Worst Item,2024-10-08T20:35:00Z,UgwlJyJnxe1bULEgAsZ4AaABAg,2025-07-27T04:14:51Z,1,How do you hate on mexican pizza? HOW TELL ME NOW HOWWWWWWWW?,61,12,How do you hate on mexican pizza? HOW TELL ME NOW HOWWWWWWWW?,noise_only
cCxe5vIkZUQ,I Tried Every Drive Thruâ€™s Worst Item,2024-10-08T20:35:00Z,Ugy9qK0yjuuHNd-Fr3t4AaABAg,2025-07-23T19:28:07Z,0,Love how at taco bell there's always silenceğŸ˜‚ğŸ˜‚ğŸ˜‚ğŸ˜‚ğŸ˜‚ğŸ˜‚,50,8,Love how at taco bell there's always silenceğŸ˜‚ğŸ˜‚ğŸ˜‚ğŸ˜‚ğŸ˜‚ğŸ˜‚,noise_only
cCxe5vIkZUQ,I Tried Every Drive Thruâ€™s Worst Item,2024-10-08T20:35:00Z,UgySUQ7tENt1PFfMR4F4AaABAg,2025-07-19T23:06:47Z,0,â¤ï¸glri,6,1,â¤ï¸glri,too_short_words
cCxe5vIkZUQ,I Tried Every Drive Thruâ€™s Worst Item,2024-10-08T20:35:00Z,UgyEgeWH7Qf5nP9YAad4AaABAg,2025-07-15T16:43:20Z,0,THIS IS ANOTHER THING ğŸ‰ğŸ‰ğŸ‰ğŸ‰ğŸ‰,27,5,THIS IS ANOTHER THING ğŸ‰ğŸ‰ğŸ‰ğŸ‰ğŸ‰,noise_only
cCxe5vIkZUQ,I Tried Every Drive Thruâ€™s Worst Item,2024-10-08T20:35:00Z,UgzvZYasjtqy1qqpxMJ4AaABAg,2025-07-14T10:33:50Z,0,Bread,5,1,Bread,too_short_words
cCxe5vIkZUQ,I Tried Every Drive Thruâ€™s Worst Item,2024-10-08T20:35:00Z,UgyDKNN4zi-t2drkxgl4AaABAg,2025-07-11T01:49:06Z,0,Ummmmm.... f your hate to the mexican pizza. Bless the bell for bringing it back.,81,15,Ummmmm.... f your hate to the mexican pizza. Bless the bell for bringing it back.,noise_only
JYUyID_QR2Q,HELLâ€™S KITCHEN FOOD REVIEW,2023-03-22T19:52:55Z,UgzoCUT0EzMAx8F_pUt4AaABAg,2025-09-22T20:16:43Z,0,Yuck!,5,1,Yuck!,too_short_words
JYUyID_QR2Q,HELLâ€™S KITCHEN FOOD REVIEW,2023-03-22T19:52:55Z,UgxzDXCM-m9QtMlAEK14AaABAg,2025-08-17T04:37:44Z,0,ğŸ˜‚ğŸ˜‚ğŸ˜‚ğŸ˜‚,4,1,ğŸ˜‚ğŸ˜‚ğŸ˜‚ğŸ˜‚,noise_only
JYUyID_QR2Q,HELLâ€™S KITCHEN FOOD REVIEW,2023-03-22T19:52:55Z,UgxuGMEiiuZ3irBuOfl4AaABAg,2025-08-03T20:39:08Z,0,W,1,1,W,too_short
JYUyID_QR2Q,HELLâ€™S KITCHEN FOOD REVIEW,2023-03-22T19:52:55Z,Ugy2P213juApsWuv0CR4AaABAg,2025-08-03T20:37:48Z,0,Idk,3,1,Idk,too_short_words
JYUyID_QR2Q,HELLâ€™S KITCHEN FOOD REVIEW,2023-03-22T19:52:55Z,UgwYQcTf5ytzMjfPSY94AaABAg,2025-08-02T22:42:18Z,0,Ú©Ú†Ù„Ù„Ù„Ù„Ù„Ù„Ù„ğŸ˜‚ğŸ˜‚ğŸ˜‚ğŸ˜‚ğŸ˜‚,14,1,Ú©Ú†Ù„Ù„Ù„Ù„Ù„Ù„Ù„ğŸ˜‚ğŸ˜‚ğŸ˜‚ğŸ˜‚ğŸ˜‚,noise_only
JYUyID_QR2Q,HELLâ€™S KITCHEN FOOD REVIEW,2023-03-22T19:52:55Z,UgyxqXQMz3RadSzUNMJ4AaABAg,2025-06-19T22:28:07Z,0,Calling Gordon fuÂ©king and bitch at the same time need guts.....,64,11,Calling Gordon fuÂ©king and bitch at the same time need guts.....,noise_only
JYUyID_QR2Q,HELLâ€™S KITCHEN FOOD REVIEW,2023-03-22T19:52:55Z,UgwSuCPVgWMs_8nsCsx4AaABAg,2025-05-03T21:31:31Z,0,Gay,3,1,Gay,too_short_words
JYUyID_QR2Q,HELLâ€™S KITCHEN FOOD REVIEW,2023-03-22T19:52:55Z,UgzU5c99nQugfiGlklJ4AaABAg,2025-04-18T02:04:05Z,0,Hey,3,1,Hey,too_short_words
JYUyID_QR2Q,HELLâ€™S KITCHEN FOOD REVIEW,2023-03-22T19:52:55Z,UgyOdPfvyVHVZTDY-k54AaABAg,2025-01-28T15:47:02Z,0,watafuk sound look like Mr. Yangæ¥Šå®¶æˆ !!!!! HAhaahahhaXD,54,8,watafuk sound look like Mr. Yangæ¥Šå®¶æˆ !!!!! HAhaahahhaXD,noise_only
JYUyID_QR2Q,HELLâ€™S KITCHEN FOOD REVIEW,2023-03-22T19:52:55Z,Ugy7kMfVOrR_YkvBOkl4AaABAg,2025-01-24T23:47:03Z,1,Loser,5,1,Loser,too_short_words
JYUyID_QR2Q,HELLâ€™S KITCHEN FOOD REVIEW,2023-03-22T19:52:55Z,Ugxx-LHGuVF1QVMEBJB4AaABAg,2025-01-03T00:50:28Z,0,â€œGordon- F*****g Ramsayâ€  He gonna unalive uğŸ˜‚ğŸ˜‚ğŸ˜‚,47,7,â€œGordon- F*****g Ramsayâ€ He gonna unalive uğŸ˜‚ğŸ˜‚ğŸ˜‚,noise_only
JYUyID_QR2Q,HELLâ€™S KITCHEN FOOD REVIEW,2023-03-22T19:52:55Z,Ugwt38GpZeWI30bDYwx4AaABAg,2024-11-11T23:35:59Z,0,Gordon f*cking ramsy got me dying ğŸ˜‚ğŸ˜‚ğŸ˜‚ğŸ˜‚ğŸ˜‚,39,7,Gordon f*cking ramsy got me dying ğŸ˜‚ğŸ˜‚ğŸ˜‚ğŸ˜‚ğŸ˜‚,noise_only
JYUyID_QR2Q,HELLâ€™S KITCHEN FOOD REVIEW,2023-03-22T19:52:55Z,Ugy19roXs-GjdeNeJDN4AaABAg,2024-09-27T01:06:05Z,0,nah,3,1,nah,too_short_words
JYUyID_QR2Q,HELLâ€™S KITCHEN FOOD REVIEW,2023-03-22T19:52:55Z,Ugz1jc-y2YSbkRmAK4R4AaABAg,2024-09-15T10:54:07Z,0,Pig,3,1,Pig,too_short_words
JYUyID_QR2Q,HELLâ€™S KITCHEN FOOD REVIEW,2023-03-22T19:52:55Z,UgxU0YJrKKdY5tG4Ahl4AaABAg,2024-09-10T01:18:47Z,0,Idiot,5,1,Idiot,too_short_words
JYUyID_QR2Q,HELLâ€™S KITCHEN FOOD REVIEW,2023-03-22T19:52:55Z,Ugx2pvu9ZV3Cy8W3MNF4AaABAg,2024-09-02T22:57:48Z,0,fawkin,6,1,fawkin,too_short_words
JYUyID_QR2Q,HELLâ€™S KITCHEN FOOD REVIEW,2023-03-22T19:52:55Z,Ugxq-T3dwtabdEZ0u3p4AaABAg,2024-08-29T04:12:20Z,1,Wtf ğŸ¤£ğŸ¤£,6,2,Wtf ğŸ¤£ğŸ¤£,too_short_words
JYUyID_QR2Q,HELLâ€™S KITCHEN FOOD REVIEW,2023-03-22T19:52:55Z,UgymRfnyE2-BktVd6R14AaABAg,2024-08-14T11:37:15Z,1,BeachğŸ˜Š,6,1,BeachğŸ˜Š,too_short_words
JYUyID_QR2Q,HELLâ€™S KITCHEN FOOD REVIEW,2023-03-22T19:52:55Z,UgxBsbEr3gmxFHkNJqJ4AaABAg,2024-07-15T09:49:49Z,0,ğŸ˜‚ğŸ˜‚ğŸ˜‚ğŸ˜‚ğŸ˜‚ğŸ˜‚ğŸ˜‚ğŸ˜‚ğŸ˜‚ğŸ˜‚what?,15,1,ğŸ˜‚ğŸ˜‚ğŸ˜‚ğŸ˜‚ğŸ˜‚ğŸ˜‚ğŸ˜‚ğŸ˜‚ğŸ˜‚ğŸ˜‚what?,noise_only
JYUyID_QR2Q,HELLâ€™S KITCHEN FOOD REVIEW,2023-03-22T19:52:55Z,UgxV1seX8jXtuaUsiO14AaABAg,2024-07-09T01:19:55Z,0,I'm at yur restaurant beetch lmfaoooooo,39,6,I'm at yur restaurant beetch lmfaoooooo,noise_only
JYUyID_QR2Q,HELLâ€™S KITCHEN FOOD REVIEW,2023-03-22T19:52:55Z,UgzAJqzMTWpx161U_QB4AaABAg,2024-06-25T21:58:25Z,0,Gordon fucking Ramsy ğŸ˜‚ğŸ˜‚ğŸ˜‚ğŸ˜‚ğŸ˜‚,26,4,Gordon fucking Ramsy ğŸ˜‚ğŸ˜‚ğŸ˜‚ğŸ˜‚ğŸ˜‚,noise_only
JYUyID_QR2Q,HELLâ€™S KITCHEN FOOD REVIEW,2023-03-22T19:52:55Z,Ugy44L63rRbdt72I_g14AaABAg,2024-06-24T20:55:42Z,0,people who hate him .....,25,5,people who hate him .....,noise_only
JYUyID_QR2Q,HELLâ€™S KITCHEN FOOD REVIEW,2023-03-22T19:52:55Z,Ugz9vjt5JHYZD-vxelJ4AaABAg,2024-06-23T07:08:02Z,0,500$,4,1,500$,too_short_words
JYUyID_QR2Q,HELLâ€™S KITCHEN FOOD REVIEW,2023-03-22T19:52:55Z,UgxynKx34W4vRu3uW1p4AaABAg,2024-06-20T16:58:19Z,0,J,1,1,J,too_short
JYUyID_QR2Q,HELLâ€™S KITCHEN FOOD REVIEW,2023-03-22T19:52:55Z,UgwnfB-3xXgg4fOP9Mp4AaABAg,2024-06-19T21:12:09Z,0,BS.  ğŸ˜‚ğŸ˜‚,7,2,BS. ğŸ˜‚ğŸ˜‚,too_short_words
JYUyID_QR2Q,HELLâ€™S KITCHEN FOOD REVIEW,2023-03-22T19:52:55Z,UgyFtkVzFHNpGQwmQIB4AaABAg,2024-06-09T16:17:48Z,0,yikes,5,1,yikes,too_short_words
JYUyID_QR2Q,HELLâ€™S KITCHEN FOOD REVIEW,2023-03-22T19:52:55Z,Ugxgp9upKV5K-wVSSUd4AaABAg,2024-06-08T21:02:01Z,0,$1000,5,1,$1000,too_short_words
JYUyID_QR2Q,HELLâ€™S KITCHEN FOOD REVIEW,2023-03-22T19:52:55Z,Ugy5bxgbW6OlnQYvL694AaABAg,2024-06-06T08:43:54Z,0,Nice,4,1,Nice,too_short_words
JYUyID_QR2Q,HELLâ€™S KITCHEN FOOD REVIEW,2023-03-22T19:52:55Z,UgzIrwMjZzBqPBAmZsF4AaABAg,2024-05-29T05:53:11Z,0,Bech ğŸ˜‚ğŸ˜‚,7,2,Bech ğŸ˜‚ğŸ˜‚,too_short_words
JYUyID_QR2Q,HELLâ€™S KITCHEN FOOD REVIEW,2023-03-22T19:52:55Z,UgwxaxZIhf1axLJf_aF4AaABAg,2024-05-26T05:46:38Z,0,Asshat,6,1,Asshat,too_short_words
JYUyID_QR2Q,HELLâ€™S KITCHEN FOOD REVIEW,2023-03-22T19:52:55Z,UgyiveBqulvXfPfV1pl4AaABAg,2024-05-23T22:29:13Z,0,Prick.,6,1,Prick.,too_short_words
JYUyID_QR2Q,HELLâ€™S KITCHEN FOOD REVIEW,2023-03-22T19:52:55Z,Ugx0mSktufiEiXJaVbh4AaABAg,2024-05-23T13:04:30Z,0,"we have a literal chef,  taking shots at the United States and surrounding his restaurant and around America that heâ€™s making insults about it. Talk about being rent free in your head 24 seven.",193,34,"we have a literal chef, taking shots at the United States and surrounding his restaurant and around America that heâ€™s making insults about it. Talk about being rent free in your head 24 seven.",spam_like
JYUyID_QR2Q,HELLâ€™S KITCHEN FOOD REVIEW,2023-03-22T19:52:55Z,UgzzqFFwpD2_HXtd8A54AaABAg,2024-05-18T14:40:10Z,0,Cool,4,1,Cool,too_short_words
JYUyID_QR2Q,HELLâ€™S KITCHEN FOOD REVIEW,2023-03-22T19:52:55Z,Ugzx2k1szpBWZ8wirL14AaABAg,2024-05-11T14:37:20Z,0,ğŸ˜® WhatsApp beachğŸ˜Š,17,3,ğŸ˜® WhatsApp beachğŸ˜Š,spam_like
JYUyID_QR2Q,HELLâ€™S KITCHEN FOOD REVIEW,2023-03-22T19:52:55Z,Ugyhu_xVFrhiBFMsxhV4AaABAg,2024-05-08T16:37:58Z,0,#Stopswearimg,13,1,#Stopswearimg,noise_only
JYUyID_QR2Q,HELLâ€™S KITCHEN FOOD REVIEW,2023-03-22T19:52:55Z,UgxvyUJYmLZ4DS881PZ4AaABAg,2024-04-17T15:07:02Z,0,Fool,4,1,Fool,too_short_words
JYUyID_QR2Q,HELLâ€™S KITCHEN FOOD REVIEW,2023-03-22T19:52:55Z,UgyYdi5b81Y_bOO4Zrd4AaABAg,2024-04-04T13:49:45Z,0,00:12,5,1,00:12,too_short_words
JYUyID_QR2Q,HELLâ€™S KITCHEN FOOD REVIEW,2023-03-22T19:52:55Z,UgyC7L2cw1iXKTpRKip4AaABAg,2024-04-03T10:30:04Z,0,Yo,2,1,Yo,too_short
JYUyID_QR2Q,HELLâ€™S KITCHEN FOOD REVIEW,2023-03-22T19:52:55Z,UgwfW3NCeiadlpRP_014AaABAg,2024-03-07T15:35:11Z,0,BroğŸ’©ğŸ’©ğŸ’©,6,1,BroğŸ’©ğŸ’©ğŸ’©,too_short_words
U-WI6NVr7CA,Eating Naruto Favourite Food challenge ğŸ˜| Japanese Ramen ReviewğŸ˜ğŸ˜‹ | @sosaute,2023-03-17T13:15:02Z,Ugz3JmSY_afalZoS4vl4AaABAg,2025-09-09T21:23:54Z,0,Nudes ğŸ˜‚,7,2,Nudes ğŸ˜‚,too_short_words
U-WI6NVr7CA,Eating Naruto Favourite Food challenge ğŸ˜| Japanese Ramen ReviewğŸ˜ğŸ˜‹ | @sosaute,2023-03-17T13:15:02Z,UgxKtThNxWjdVbpiymZ4AaABAg,2025-09-05T15:37:00Z,0,"Stopppp. Don't, use, scissorsğŸ’€ğŸ’€ğŸ’€ğŸ’€ğŸ’€",34,4,"Stopppp. Don't, use, scissorsğŸ’€ğŸ’€ğŸ’€ğŸ’€ğŸ’€",noise_only
U-WI6NVr7CA,Eating Naruto Favourite Food challenge ğŸ˜| Japanese Ramen ReviewğŸ˜ğŸ˜‹ | @sosaute,2023-03-17T13:15:02Z,Ugwk3VImOePmS5h9CL54AaABAg,2025-08-22T09:01:57Z,0,Why did you cut the ramen noodles ğŸ˜ ğŸ˜ ğŸ˜ ğŸœğŸœğŸœğŸœğŸœ,42,8,Why did you cut the ramen noodles ğŸ˜ ğŸ˜ ğŸ˜ ğŸœğŸœğŸœğŸœğŸœ,noise_only
U-WI6NVr7CA,Eating Naruto Favourite Food challenge ğŸ˜| Japanese Ramen ReviewğŸ˜ğŸ˜‹ | @sosaute,2023-03-17T13:15:02Z,UgyWaRkhaIXUdzfdiel4AaABAg,2025-08-18T07:34:57Z,0,Don't you dare cut them ğŸ’¢ğŸ’¢ğŸ’¢ğŸ’¢ğŸ’¢ğŸ’¢ğŸ’¢ğŸ˜ ğŸ˜ ğŸ˜ ğŸ˜ ğŸ˜ ğŸ˜ ğŸ˜ ğŸ˜¡ğŸ˜¡ğŸ˜¡ğŸ˜¡ğŸ¤¬ğŸ¤¬ğŸ¤¬ğŸ¤¬,46,6,Don't you dare cut them ğŸ’¢ğŸ’¢ğŸ’¢ğŸ’¢ğŸ’¢ğŸ’¢ğŸ’¢ğŸ˜ ğŸ˜ ğŸ˜ ğŸ˜ ğŸ˜ ğŸ˜ ğŸ˜ ğŸ˜¡ğŸ˜¡ğŸ˜¡ğŸ˜¡ğŸ¤¬ğŸ¤¬ğŸ¤¬ğŸ¤¬,noise_only
U-WI6NVr7CA,Eating Naruto Favourite Food challenge ğŸ˜| Japanese Ramen ReviewğŸ˜ğŸ˜‹ | @sosaute,2023-03-17T13:15:02Z,UgxzUTZ1gx-bZGWu6aB4AaABAg,2025-08-14T16:07:02Z,0,Ramen,5,1,Ramen,too_short_words
U-WI6NVr7CA,Eating Naruto Favourite Food challenge ğŸ˜| Japanese Ramen ReviewğŸ˜ğŸ˜‹ | @sosaute,2023-03-17T13:15:02Z,UgwOKyOVdo3ZRLzDN8N4AaABAg,2025-08-10T14:30:57Z,0,NoodsğŸ˜¢,6,1,NoodsğŸ˜¢,too_short_words
U-WI6NVr7CA,Eating Naruto Favourite Food challenge ğŸ˜| Japanese Ramen ReviewğŸ˜ğŸ˜‹ | @sosaute,2023-03-17T13:15:02Z,UgxYXLg4D2aB0CIkaDp4AaABAg,2025-08-09T07:26:25Z,0,Tmkc,4,1,Tmkc,too_short_words
U-WI6NVr7CA,Eating Naruto Favourite Food challenge ğŸ˜| Japanese Ramen ReviewğŸ˜ğŸ˜‹ | @sosaute,2023-03-17T13:15:02Z,Ugx7LMzJ1nfljgBvr6x4AaABAg,2025-08-08T10:49:36Z,0,Naruto,6,1,Naruto,too_short_words
U-WI6NVr7CA,Eating Naruto Favourite Food challenge ğŸ˜| Japanese Ramen ReviewğŸ˜ğŸ˜‹ | @sosaute,2023-03-17T13:15:02Z,UgwbbOPbcs3hXl8WB4t4AaABAg,2025-08-05T11:20:31Z,0,Eat burger 24 hours PlzzzzzzzzzzzzzzzğŸ˜¢ğŸ˜¢ğŸ˜¢ğŸ˜¢ğŸ˜¢,42,5,Eat burger 24 hours PlzzzzzzzzzzzzzzzğŸ˜¢ğŸ˜¢ğŸ˜¢ğŸ˜¢ğŸ˜¢,noise_only
U-WI6NVr7CA,Eating Naruto Favourite Food challenge ğŸ˜| Japanese Ramen ReviewğŸ˜ğŸ˜‹ | @sosaute,2023-03-17T13:15:02Z,Ugyx4WUWhygNO6zX1Jl4AaABAg,2025-08-04T15:26:49Z,0,I want that chilli oli ğŸ˜­ğŸ˜­ğŸ˜­ğŸ˜­ğŸ˜­,28,6,I want that chilli oli ğŸ˜­ğŸ˜­ğŸ˜­ğŸ˜­ğŸ˜­,noise_only
U-WI6NVr7CA,Eating Naruto Favourite Food challenge ğŸ˜| Japanese Ramen ReviewğŸ˜ğŸ˜‹ | @sosaute,2023-03-17T13:15:02Z,UgxofGxB3f35LIpt5CV4AaABAg,2025-08-04T12:29:14Z,1,I am a Naruto lover â¤â¤â¤â¤â¤,25,6,I am a Naruto lover â¤â¤â¤â¤â¤,noise_only
U-WI6NVr7CA,Eating Naruto Favourite Food challenge ğŸ˜| Japanese Ramen ReviewğŸ˜ğŸ˜‹ | @sosaute,2023-03-17T13:15:02Z,Ugx7K6zBRg9woRtFMIR4AaABAg,2025-07-31T10:11:28Z,0,Wow yummmmmyâ¤â¤â¤â¤,16,2,Wow yummmmmyâ¤â¤â¤â¤,noise_only
U-WI6NVr7CA,Eating Naruto Favourite Food challenge ğŸ˜| Japanese Ramen ReviewğŸ˜ğŸ˜‹ | @sosaute,2023-03-17T13:15:02Z,Ugy3SSyIdBFug_1q5r94AaABAg,2025-07-28T20:11:29Z,0,How did you cut the  noodles ğŸ˜¡ğŸ˜¡ğŸ˜¡ğŸ˜¡ğŸ˜¡ğŸ˜¡ğŸ˜¡,36,7,How did you cut the noodles ğŸ˜¡ğŸ˜¡ğŸ˜¡ğŸ˜¡ğŸ˜¡ğŸ˜¡ğŸ˜¡,noise_only
U-WI6NVr7CA,Eating Naruto Favourite Food challenge ğŸ˜| Japanese Ramen ReviewğŸ˜ğŸ˜‹ | @sosaute,2023-03-17T13:15:02Z,Ugxuh57LbW_JNzzov-d4AaABAg,2025-07-27T13:53:55Z,0,Stupid,6,1,Stupid,too_short_words
U-WI6NVr7CA,Eating Naruto Favourite Food challenge ğŸ˜| Japanese Ramen ReviewğŸ˜ğŸ˜‹ | @sosaute,2023-03-17T13:15:02Z,UgzKSUWGkYQEf5DdFUZ4AaABAg,2025-07-12T12:36:46Z,0,Bro when u cut the ramen........  It hurts yaar ğŸ˜”,49,10,Bro when u cut the ramen........ It hurts yaar ğŸ˜”,noise_only
U-WI6NVr7CA,Eating Naruto Favourite Food challenge ğŸ˜| Japanese Ramen ReviewğŸ˜ğŸ˜‹ | @sosaute,2023-03-17T13:15:02Z,UgxNAkVnLf5gniGLnEl4AaABAg,2025-07-09T14:08:38Z,0,Di ye ramen kam sewaiyaan zyaada lag rahi hain na ğŸ˜‚ğŸ˜‚ğŸ˜‚ğŸ˜‚ğŸ˜‚ğŸ˜‚ğŸ˜‚,57,11,Di ye ramen kam sewaiyaan zyaada lag rahi hain na ğŸ˜‚ğŸ˜‚ğŸ˜‚ğŸ˜‚ğŸ˜‚ğŸ˜‚ğŸ˜‚,noise_only
U-WI6NVr7CA,Eating Naruto Favourite Food challenge ğŸ˜| Japanese Ramen ReviewğŸ˜ğŸ˜‹ | @sosaute,2023-03-17T13:15:02Z,UgxFna-OVQ08I7Pp-Gt4AaABAg,2025-07-06T09:43:05Z,0,gojoâ¤,5,1,gojoâ¤,too_short_words
U-WI6NVr7CA,Eating Naruto Favourite Food challenge ğŸ˜| Japanese Ramen ReviewğŸ˜ğŸ˜‹ | @sosaute,2023-03-17T13:15:02Z,UgxvQVKFTHvYUBXJyzN4AaABAg,2025-07-06T05:36:44Z,0,Naruto is coming: rasengan!!!!!!!!!!!!!!!!!,43,4,Naruto is coming: rasengan!!!!!!!!!!!!!!!!!,noise_only
U-WI6NVr7CA,Eating Naruto Favourite Food challenge ğŸ˜| Japanese Ramen ReviewğŸ˜ğŸ˜‹ | @sosaute,2023-03-17T13:15:02Z,UgxA-Zs38bBHMVzibfJ4AaABAg,2025-07-05T11:34:19Z,0,ğŸ˜­ğŸ’€,2,1,ğŸ˜­ğŸ’€,too_short
U-WI6NVr7CA,Eating Naruto Favourite Food challenge ğŸ˜| Japanese Ramen ReviewğŸ˜ğŸ˜‹ | @sosaute,2023-03-17T13:15:02Z,Ugx-efBz1wJ7MiMLVy54AaABAg,2025-06-25T20:36:47Z,0,Why do you cut the noodles ğŸ˜­ğŸ˜­ğŸ˜­ğŸ˜­ğŸ˜­ğŸ˜­,33,7,Why do you cut the noodles ğŸ˜­ğŸ˜­ğŸ˜­ğŸ˜­ğŸ˜­ğŸ˜­,noise_only
U-WI6NVr7CA,Eating Naruto Favourite Food challenge ğŸ˜| Japanese Ramen ReviewğŸ˜ğŸ˜‹ | @sosaute,2023-03-17T13:15:02Z,UgzdWtC3i4qWAljSyFp4AaABAg,2025-06-04T18:27:18Z,0,Whyyyyy u cut !!!!,18,4,Whyyyyy u cut !!!!,noise_only
U-WI6NVr7CA,Eating Naruto Favourite Food challenge ğŸ˜| Japanese Ramen ReviewğŸ˜ğŸ˜‹ | @sosaute,2023-03-17T13:15:02Z,Ugw-mjrVCTmOjOfz9v94AaABAg,2025-06-04T17:14:08Z,0,her .....................hinglish  is just .,44,5,her .....................hinglish is just .,noise_only
U-WI6NVr7CA,Eating Naruto Favourite Food challenge ğŸ˜| Japanese Ramen ReviewğŸ˜ğŸ˜‹ | @sosaute,2023-03-17T13:15:02Z,UgxYmyThjF1l62msCGp4AaABAg,2025-06-04T11:11:09Z,0,Sami,4,1,Sami,too_short_words
U-WI6NVr7CA,Eating Naruto Favourite Food challenge ğŸ˜| Japanese Ramen ReviewğŸ˜ğŸ˜‹ | @sosaute,2023-03-17T13:15:02Z,UgxXJWgTBKTK7MaaL3h4AaABAg,2025-06-03T11:08:48Z,1,Didi aap itna junk food khati Ho tabiyat itni patali Ho  Main Kha Kha ke Moti ho rahi hun ğŸ˜”ğŸ˜”ğŸ˜”ğŸ˜”ğŸ˜”ğŸ˜”,96,20,Didi aap itna junk food khati Ho tabiyat itni patali Ho Main Kha Kha ke Moti ho rahi hun ğŸ˜”ğŸ˜”ğŸ˜”ğŸ˜”ğŸ˜”ğŸ˜”,noise_only
U-WI6NVr7CA,Eating Naruto Favourite Food challenge ğŸ˜| Japanese Ramen ReviewğŸ˜ğŸ˜‹ | @sosaute,2023-03-17T13:15:02Z,UgxX-nD_7-OhTumuqgh4AaABAg,2025-05-23T11:51:27Z,0,lambe se cya ????!!!!! ğŸ˜‚ğŸ˜‚ğŸ˜‚ğŸ˜­ğŸ˜­ğŸ˜­ğŸ˜­,30,5,lambe se cya ????!!!!! ğŸ˜‚ğŸ˜‚ğŸ˜‚ğŸ˜­ğŸ˜­ğŸ˜­ğŸ˜­,noise_only
U-WI6NVr7CA,Eating Naruto Favourite Food challenge ğŸ˜| Japanese Ramen ReviewğŸ˜ğŸ˜‹ | @sosaute,2023-03-17T13:15:02Z,UgyxN4CYPLJYWaftR1h4AaABAg,2025-05-16T08:50:05Z,0,Overacting ğŸ˜¡ğŸ˜¡ğŸ˜¡ğŸ˜¡ğŸ˜¡ğŸ˜¡ğŸ˜¡,18,2,Overacting ğŸ˜¡ğŸ˜¡ğŸ˜¡ğŸ˜¡ğŸ˜¡ğŸ˜¡ğŸ˜¡,noise_only
U-WI6NVr7CA,Eating Naruto Favourite Food challenge ğŸ˜| Japanese Ramen ReviewğŸ˜ğŸ˜‹ | @sosaute,2023-03-17T13:15:02Z,Ugx8qn9R61Lrk-xRGjF4AaABAg,2025-04-30T10:11:29Z,0,BTS ringtone Naruto f******,27,4,BTS ringtone Naruto f******,noise_only
U-WI6NVr7CA,Eating Naruto Favourite Food challenge ğŸ˜| Japanese Ramen ReviewğŸ˜ğŸ˜‹ | @sosaute,2023-03-17T13:15:02Z,UgzRLxXYLi_ZwTEX8i94AaABAg,2025-04-25T08:34:13Z,6,999999999+ missed calls from japan ğŸ’€,36,6,999999999+ missed calls from japan ğŸ’€,noise_only
U-WI6NVr7CA,Eating Naruto Favourite Food challenge ğŸ˜| Japanese Ramen ReviewğŸ˜ğŸ˜‹ | @sosaute,2023-03-17T13:15:02Z,UgySBik69j3knzCDQJ54AaABAg,2025-04-22T16:08:52Z,0,Ahhhhhhhh japanese people are offen6,36,5,Ahhhhhhhh japanese people are offen6,noise_only
U-WI6NVr7CA,Eating Naruto Favourite Food challenge ğŸ˜| Japanese Ramen ReviewğŸ˜ğŸ˜‹ | @sosaute,2023-03-17T13:15:02Z,UgwBYCDkfH8aTyXxxh94AaABAg,2025-04-20T10:55:57Z,0,Shoki,5,1,Shoki,too_short_words
U-WI6NVr7CA,Eating Naruto Favourite Food challenge ğŸ˜| Japanese Ramen ReviewğŸ˜ğŸ˜‹ | @sosaute,2023-03-17T13:15:02Z,Ugz1nl5q3EMWyQEp_NV4AaABAg,2025-04-18T07:36:33Z,0,Sevai,5,1,Sevai,too_short_words
U-WI6NVr7CA,Eating Naruto Favourite Food challenge ğŸ˜| Japanese Ramen ReviewğŸ˜ğŸ˜‹ | @sosaute,2023-03-17T13:15:02Z,UgxP15eSp8ORTERr_Bl4AaABAg,2025-04-14T10:11:55Z,0,Noodes,6,1,Noodes,too_short_words
U-WI6NVr7CA,Eating Naruto Favourite Food challenge ğŸ˜| Japanese Ramen ReviewğŸ˜ğŸ˜‹ | @sosaute,2023-03-17T13:15:02Z,UgzCWdwFdKypr843elB4AaABAg,2025-03-30T15:15:45Z,0,Why she is sooooo slow,22,5,Why she is sooooo slow,noise_only
U-WI6NVr7CA,Eating Naruto Favourite Food challenge ğŸ˜| Japanese Ramen ReviewğŸ˜ğŸ˜‹ | @sosaute,2023-03-17T13:15:02Z,UgwEOxIWWh5TXL576kR4AaABAg,2025-03-21T13:31:26Z,0,Wait what !!!!!!! Lambe se what ?!!!!!!!,40,7,Wait what !!!!!!! Lambe se what ?!!!!!!!,noise_only
U-WI6NVr7CA,Eating Naruto Favourite Food challenge ğŸ˜| Japanese Ramen ReviewğŸ˜ğŸ˜‹ | @sosaute,2023-03-17T13:15:02Z,UgzREzpOyR9_SnjmCDd4AaABAg,2025-03-21T03:07:36Z,0,NahiiiiÃ­iiiiiiiii,17,1,NahiiiiÃ­iiiiiiiii,noise_only
U-WI6NVr7CA,Eating Naruto Favourite Food challenge ğŸ˜| Japanese Ramen ReviewğŸ˜ğŸ˜‹ | @sosaute,2023-03-17T13:15:02Z,UgwSyJc37WI9_s26g1F4AaABAg,2025-03-17T12:40:49Z,0,Too ye kudne ki jarurat thi ğŸ˜…ğŸ˜…ğŸ˜…ğŸ˜…ğŸ˜…ğŸ˜‚ğŸ˜‚ğŸ˜ŠğŸ˜Š,37,7,Too ye kudne ki jarurat thi ğŸ˜…ğŸ˜…ğŸ˜…ğŸ˜…ğŸ˜…ğŸ˜‚ğŸ˜‚ğŸ˜ŠğŸ˜Š,noise_only
U-WI6NVr7CA,Eating Naruto Favourite Food challenge ğŸ˜| Japanese Ramen ReviewğŸ˜ğŸ˜‹ | @sosaute,2023-03-17T13:15:02Z,UgyuxCR9OmxJ_RRszyZ4AaABAg,2025-03-15T13:28:39Z,0,Edit,4,1,Edit,too_short_words
U-WI6NVr7CA,Eating Naruto Favourite Food challenge ğŸ˜| Japanese Ramen ReviewğŸ˜ğŸ˜‹ | @sosaute,2023-03-17T13:15:02Z,UgzmwAUGgJAZZs-TS_x4AaABAg,2025-03-12T10:45:34Z,0,Narutoooooooâ¤â¤â¤â¤â¤â¤â¤,19,1,Narutoooooooâ¤â¤â¤â¤â¤â¤â¤,noise_only
U-WI6NVr7CA,Eating Naruto Favourite Food challenge ğŸ˜| Japanese Ramen ReviewğŸ˜ğŸ˜‹ | @sosaute,2023-03-17T13:15:02Z,UgxhlbvhArvDpfcN2tR4AaABAg,2025-03-11T11:57:32Z,0,Sooooo yummy,12,2,Sooooo yummy,noise_only
U-WI6NVr7CA,Eating Naruto Favourite Food challenge ğŸ˜| Japanese Ramen ReviewğŸ˜ğŸ˜‹ | @sosaute,2023-03-17T13:15:02Z,Ugy5YaN9bPOCuuQHIYZ4AaABAg,2025-03-11T11:57:03Z,0,Soooooo yummy,13,2,Soooooo yummy,noise_only
U-WI6NVr7CA,Eating Naruto Favourite Food challenge ğŸ˜| Japanese Ramen ReviewğŸ˜ğŸ˜‹ | @sosaute,2023-03-17T13:15:02Z,UgyCuZe8Pz36x6W6Kt94AaABAg,2025-03-07T09:36:19Z,0,Woowwwww I also wanna a tryyyyh it,34,7,Woowwwww I also wanna a tryyyyh it,noise_only
U-WI6NVr7CA,Eating Naruto Favourite Food challenge ğŸ˜| Japanese Ramen ReviewğŸ˜ğŸ˜‹ | @sosaute,2023-03-17T13:15:02Z,UgxqcG_r1Df1cO4ISh94AaABAg,2025-03-02T07:19:17Z,0,"Nooooooooooooooo, why cut the noodle",36,5,"Nooooooooooooooo, why cut the noodle",noise_only
U-WI6NVr7CA,Eating Naruto Favourite Food challenge ğŸ˜| Japanese Ramen ReviewğŸ˜ğŸ˜‹ | @sosaute,2023-03-17T13:15:02Z,UgxJNhZm5h-u-psPh5B4AaABAg,2025-02-23T11:46:48Z,0,99999999 calls from lionfeild,29,4,99999999 calls from lionfeild,noise_only
U-WI6NVr7CA,Eating Naruto Favourite Food challenge ğŸ˜| Japanese Ramen ReviewğŸ˜ğŸ˜‹ | @sosaute,2023-03-17T13:15:02Z,Ugwgf_2HAoZt005I-2h4AaABAg,2025-02-22T05:35:32Z,0,Chiiii,6,1,Chiiii,too_short_words
U-WI6NVr7CA,Eating Naruto Favourite Food challenge ğŸ˜| Japanese Ramen ReviewğŸ˜ğŸ˜‹ | @sosaute,2023-03-17T13:15:02Z,UgyihhwjrwwNwwaRmQ54AaABAg,2025-02-21T09:25:57Z,0,Baraga,6,1,Baraga,too_short_words
U-WI6NVr7CA,Eating Naruto Favourite Food challenge ğŸ˜| Japanese Ramen ReviewğŸ˜ğŸ˜‹ | @sosaute,2023-03-17T13:15:02Z,UgyHWxmI3WGSHbeVuLd4AaABAg,2025-01-27T13:03:35Z,0,Cheeeeee who the hell cuts their ramen noodle in half ğŸœ,55,11,Cheeeeee who the hell cuts their ramen noodle in half ğŸœ,noise_only
U-WI6NVr7CA,Eating Naruto Favourite Food challenge ğŸ˜| Japanese Ramen ReviewğŸ˜ğŸ˜‹ | @sosaute,2023-03-17T13:15:02Z,UgxrZD2nHSr7SYVE2R94AaABAg,2025-01-25T06:53:44Z,0,Money ğŸ’°,7,2,Money ğŸ’°,too_short_words
U-WI6NVr7CA,Eating Naruto Favourite Food challenge ğŸ˜| Japanese Ramen ReviewğŸ˜ğŸ˜‹ | @sosaute,2023-03-17T13:15:02Z,UgynUXJnc0pwWTaoJgB4AaABAg,2025-01-16T11:23:11Z,0,goods,5,1,goods,too_short_words
U-WI6NVr7CA,Eating Naruto Favourite Food challenge ğŸ˜| Japanese Ramen ReviewğŸ˜ğŸ˜‹ | @sosaute,2023-03-17T13:15:02Z,Ugx7v-SmvzLag2t5rqF4AaABAg,2025-01-13T14:02:32Z,0,R,1,1,R,too_short
U-WI6NVr7CA,Eating Naruto Favourite Food challenge ğŸ˜| Japanese Ramen ReviewğŸ˜ğŸ˜‹ | @sosaute,2023-03-17T13:15:02Z,UgxItu8cK9Og2WSRJM54AaABAg,2025-01-05T12:15:00Z,0,In anime my favourite character is Naruto â¤â¤â¤â¤â¤â˜ ï¸,49,8,In anime my favourite character is Naruto â¤â¤â¤â¤â¤â˜ ï¸,noise_only
U-WI6NVr7CA,Eating Naruto Favourite Food challenge ğŸ˜| Japanese Ramen ReviewğŸ˜ğŸ˜‹ | @sosaute,2023-03-17T13:15:02Z,Ugzv6IikWLsH1lTbpOJ4AaABAg,2025-01-04T14:26:09Z,0,You are eating it wrong!!!!!!!!?!!!,35,5,You are eating it wrong!!!!!!!!?!!!,noise_only
U-WI6NVr7CA,Eating Naruto Favourite Food challenge ğŸ˜| Japanese Ramen ReviewğŸ˜ğŸ˜‹ | @sosaute,2023-03-17T13:15:02Z,UgyUQ2rj47U6-NnlwlJ4AaABAg,2025-01-04T06:24:00Z,0,https://media.tenor.com/9uRkKa-TrlsAAAAM/naruto-anime.gif,57,1,<URL>,too_short_words
U-WI6NVr7CA,Eating Naruto Favourite Food challenge ğŸ˜| Japanese Ramen ReviewğŸ˜ğŸ˜‹ | @sosaute,2023-03-17T13:15:02Z,UgyHymyssYlr7Jo99Rh4AaABAg,2025-01-02T13:32:18Z,0,Katha,5,1,Katha,too_short_words
U-WI6NVr7CA,Eating Naruto Favourite Food challenge ğŸ˜| Japanese Ramen ReviewğŸ˜ğŸ˜‹ | @sosaute,2023-03-17T13:15:02Z,UgziPsXKgl8on2IsLYV4AaABAg,2024-12-22T21:23:31Z,0,Why she cut the ramenğŸ˜­ğŸ˜­ğŸ˜­ğŸ˜­ğŸ˜­ğŸ˜­ğŸ˜­ğŸ˜­,29,5,Why she cut the ramenğŸ˜­ğŸ˜­ğŸ˜­ğŸ˜­ğŸ˜­ğŸ˜­ğŸ˜­ğŸ˜­,noise_only
U-WI6NVr7CA,Eating Naruto Favourite Food challenge ğŸ˜| Japanese Ramen ReviewğŸ˜ğŸ˜‹ | @sosaute,2023-03-17T13:15:02Z,UgyB3T09XGrHYb4yW_B4AaABAg,2024-12-18T05:28:28Z,0,Pagal,5,1,Pagal,too_short_words
U-WI6NVr7CA,Eating Naruto Favourite Food challenge ğŸ˜| Japanese Ramen ReviewğŸ˜ğŸ˜‹ | @sosaute,2023-03-17T13:15:02Z,UgxCTC-YO3fOl6A0ZHp4AaABAg,2024-12-16T13:48:09Z,0,Nai ğŸœğŸœğŸœ,7,2,Nai ğŸœğŸœğŸœ,too_short_words
U-WI6NVr7CA,Eating Naruto Favourite Food challenge ğŸ˜| Japanese Ramen ReviewğŸ˜ğŸ˜‹ | @sosaute,2023-03-17T13:15:02Z,Ugx3GQS3xakZwPD5YV14AaABAg,2024-12-15T06:15:42Z,0,Kia tum pagle ho ochalti rahti ho bachon ki tarah bht buri lagti ho bhttttttğŸ¥´ğŸ¥´ğŸ¥´ğŸ¥´ğŸ¥´ğŸ¥´ğŸ¥´ğŸ¤¤,84,15,Kia tum pagle ho ochalti rahti ho bachon ki tarah bht buri lagti ho bhttttttğŸ¥´ğŸ¥´ğŸ¥´ğŸ¥´ğŸ¥´ğŸ¥´ğŸ¥´ğŸ¤¤,noise_only
U-WI6NVr7CA,Eating Naruto Favourite Food challenge ğŸ˜| Japanese Ramen ReviewğŸ˜ğŸ˜‹ | @sosaute,2023-03-17T13:15:02Z,UgwVMBoC-CpMiHkGDzx4AaABAg,2024-12-12T10:44:48Z,0,WHERE AND HOW CAN I BUY THISSSSS I WANT URTTTTTTT,49,10,WHERE AND HOW CAN I BUY THISSSSS I WANT URTTTTTTT,noise_only
