video_id,video_title,video_published_at,comment_id,published_at,like_count,text,char_len,word_count,clean_text,dropped_reason
9HGr4L4-7b0,Adidas 4/20 Shoes have Secret Layersâ€¦ğŸƒ,2023-04-23T01:32:01Z,UgxBFHPgG-4Ufn-nsj54AaABAg,2025-02-22T08:09:33Z,0,Ugly,4,1,Ugly,too_short_words
9HGr4L4-7b0,Adidas 4/20 Shoes have Secret Layersâ€¦ğŸƒ,2023-04-23T01:32:01Z,Ugxi7TVOrlQU0KSyBiR4AaABAg,2025-01-23T07:29:41Z,0,ğŸ˜‚,1,1,ğŸ˜‚,too_short
9HGr4L4-7b0,Adidas 4/20 Shoes have Secret Layersâ€¦ğŸƒ,2023-04-23T01:32:01Z,Ugy5wcsYxevk4jqw3wp4AaABAg,2024-02-08T13:45:55Z,0,ZAZA,4,1,ZAZA,too_short_words
9HGr4L4-7b0,Adidas 4/20 Shoes have Secret Layersâ€¦ğŸƒ,2023-04-23T01:32:01Z,UgwkS5mAFe9YWxhfEFF4AaABAg,2023-11-28T20:29:36Z,0,soooooooo whats 420 about it?,29,5,soooooooo whats 420 about it?,noise_only
9HGr4L4-7b0,Adidas 4/20 Shoes have Secret Layersâ€¦ğŸƒ,2023-04-23T01:32:01Z,UgzeL0yH79vgdtWzX654AaABAg,2023-11-28T17:31:32Z,0,609624,6,1,609624,too_short_words
9HGr4L4-7b0,Adidas 4/20 Shoes have Secret Layersâ€¦ğŸƒ,2023-04-23T01:32:01Z,UgzM_uDBxSW-SYF-KVV4AaABAg,2023-11-28T00:01:01Z,0,Wastful,7,1,Wastful,too_short_words
9HGr4L4-7b0,Adidas 4/20 Shoes have Secret Layersâ€¦ğŸƒ,2023-04-23T01:32:01Z,UgyCrCPAOId0FlO98Qp4AaABAg,2023-11-23T23:57:04Z,0,part 2?,7,2,part 2?,too_short_words
9HGr4L4-7b0,Adidas 4/20 Shoes have Secret Layersâ€¦ğŸƒ,2023-04-23T01:32:01Z,UgyfcV2wy4-AhtRN9hh4AaABAg,2023-11-04T07:00:33Z,0,Sick!,5,1,Sick!,too_short_words
9HGr4L4-7b0,Adidas 4/20 Shoes have Secret Layersâ€¦ğŸƒ,2023-04-23T01:32:01Z,UgzKl5EM-qCpohknLxN4AaABAg,2023-10-30T07:22:21Z,0,Wack ğŸ˜¢,6,2,Wack ğŸ˜¢,too_short_words
9HGr4L4-7b0,Adidas 4/20 Shoes have Secret Layersâ€¦ğŸƒ,2023-04-23T01:32:01Z,Ugy8hkz3MuLh4xRMFVp4AaABAg,2023-10-29T15:34:18Z,0,Bro its Adidas Not adiiiiiidas,30,5,Bro its Adidas Not adiiiiiidas,noise_only
9HGr4L4-7b0,Adidas 4/20 Shoes have Secret Layersâ€¦ğŸƒ,2023-04-23T01:32:01Z,Ugz20S98kTc8fyyuLkl4AaABAg,2023-10-29T07:01:47Z,0,TELL ME WHY WHEN I SHOWED MY MOM THE SHOES AND SHE WAS LIKE OHHH THOSE LOOK GOOD AND THEN SHE WENT TO GO BUY THM LIKE WHATTTTTTTT HELP MEEEEE,141,30,TELL ME WHY WHEN I SHOWED MY MOM THE SHOES AND SHE WAS LIKE OHHH THOSE LOOK GOOD AND THEN SHE WENT TO GO BUY THM LIKE WHATTTTTTTT HELP MEEEEE,noise_only
9HGr4L4-7b0,Adidas 4/20 Shoes have Secret Layersâ€¦ğŸƒ,2023-04-23T01:32:01Z,UgyKZ7dpSxZtPyZFFW14AaABAg,2023-10-29T05:16:28Z,0,Stupid,6,1,Stupid,too_short_words
9HGr4L4-7b0,Adidas 4/20 Shoes have Secret Layersâ€¦ğŸƒ,2023-04-23T01:32:01Z,UgyIyhhqwIhS6ZZxop94AaABAg,2023-10-19T23:01:35Z,0,Ew,2,1,Ew,too_short
9HGr4L4-7b0,Adidas 4/20 Shoes have Secret Layersâ€¦ğŸƒ,2023-04-23T01:32:01Z,UgyRQ4ZuyVFA87JeMhB4AaABAg,2023-10-04T04:18:29Z,0,Y,1,1,Y,too_short
9HGr4L4-7b0,Adidas 4/20 Shoes have Secret Layersâ€¦ğŸƒ,2023-04-23T01:32:01Z,UgzO1SwBQuHRFmjNzPR4AaABAg,2023-10-01T03:30:52Z,0,eww,3,1,eww,too_short_words
9HGr4L4-7b0,Adidas 4/20 Shoes have Secret Layersâ€¦ğŸƒ,2023-04-23T01:32:01Z,Ugywr0wRYEsbZqNpsyh4AaABAg,2023-09-29T18:16:13Z,0,Addigas,7,1,Addigas,too_short_words
9HGr4L4-7b0,Adidas 4/20 Shoes have Secret Layersâ€¦ğŸƒ,2023-04-23T01:32:01Z,UgzerSsoJB9d3Ym4nXB4AaABAg,2023-09-29T03:20:10Z,0,Hideous,7,1,Hideous,too_short_words
9HGr4L4-7b0,Adidas 4/20 Shoes have Secret Layersâ€¦ğŸƒ,2023-04-23T01:32:01Z,Ugzg7srkt5HXol7aH4R4AaABAg,2023-09-28T15:37:08Z,0,Fuck,4,1,Fuck,too_short_words
9HGr4L4-7b0,Adidas 4/20 Shoes have Secret Layersâ€¦ğŸƒ,2023-04-23T01:32:01Z,UgwPE-U-0LHhRoVm-Nh4AaABAg,2023-09-26T02:25:30Z,0,They'll be worth 100000 in 2050,31,6,They'll be worth 100000 in 2050,noise_only
9HGr4L4-7b0,Adidas 4/20 Shoes have Secret Layersâ€¦ğŸƒ,2023-04-23T01:32:01Z,UgxdqePTVxYHgLgO-4l4AaABAg,2023-09-24T17:10:27Z,0,Hi,2,1,Hi,too_short
9HGr4L4-7b0,Adidas 4/20 Shoes have Secret Layersâ€¦ğŸƒ,2023-04-23T01:32:01Z,UgxyTSJJXkU2cWahqi94AaABAg,2023-09-24T05:38:22Z,0,"brooooo, sbb needs to skate these",33,6,"brooooo, sbb needs to skate these",noise_only
9HGr4L4-7b0,Adidas 4/20 Shoes have Secret Layersâ€¦ğŸƒ,2023-04-23T01:32:01Z,UgwZsgwyhiUPK_1tgKx4AaABAg,2023-09-24T00:07:12Z,0,Adidass,7,1,Adidass,too_short_words
9HGr4L4-7b0,Adidas 4/20 Shoes have Secret Layersâ€¦ğŸƒ,2023-04-23T01:32:01Z,Ugw6lPfTs5EY7PoUu_R4AaABAg,2023-09-23T23:16:26Z,0,Cake,4,1,Cake,too_short_words
9HGr4L4-7b0,Adidas 4/20 Shoes have Secret Layersâ€¦ğŸƒ,2023-04-23T01:32:01Z,UgzeXRSgswycNn7w0w14AaABAg,2023-09-23T00:36:36Z,0,So......this is literally a waste of money right? I can't be the only one that thinks this way. This shoe is literally booty cheeks.,132,24,So......this is literally a waste of money right? I can't be the only one that thinks this way. This shoe is literally booty cheeks.,noise_only
9HGr4L4-7b0,Adidas 4/20 Shoes have Secret Layersâ€¦ğŸƒ,2023-04-23T01:32:01Z,UgyVEoQbMuhHzQk-GQl4AaABAg,2023-09-21T04:30:09Z,0,Grass?,6,1,Grass?,too_short_words
9HGr4L4-7b0,Adidas 4/20 Shoes have Secret Layersâ€¦ğŸƒ,2023-04-23T01:32:01Z,UgzwSOCNoV2b3jpcK8d4AaABAg,2023-09-15T10:10:24Z,0,BROOOOO I just thought of a design you should try with those shoes. So rip of part of the toe paper then expose the back adidas logo and for the strips cut lines into the paper revealing the adidas stripes. Then burn the paper a bit with a lighter to give it some black char to the paper to make it look like a lit blunt. So for examples burn the paper where you teared it at the toe so the end looks lit. If you want you could also paint the end of the tear with a fiery red to make it look even more lit,505,107,BROOOOO I just thought of a design you should try with those shoes. So rip of part of the toe paper then expose the back adidas logo and for the strips cut lines into the paper revealing the adidas stripes. Then burn the paper a bit with a lighter to give it some black char to the paper to make it look like a lit blunt. So for examples burn the paper where you teared it at the toe so the end looks lit. If you want you could also paint the end of the tear with a fiery red to make it look even more lit,noise_only
9HGr4L4-7b0,Adidas 4/20 Shoes have Secret Layersâ€¦ğŸƒ,2023-04-23T01:32:01Z,UgzCyBstXmpCYSHl20Z4AaABAg,2023-06-28T03:22:29Z,0,"Brown Pape, Green INSIDE .....i See what They did thereğŸ˜…ğŸ˜‚",57,10,"Brown Pape, Green INSIDE .....i See what They did thereğŸ˜…ğŸ˜‚",noise_only
9HGr4L4-7b0,Adidas 4/20 Shoes have Secret Layersâ€¦ğŸƒ,2023-04-23T01:32:01Z,UgyGDiKpG_o592M7Q714AaABAg,2023-06-10T23:18:56Z,0,SHRECK SHOES ğŸ’¯ğŸ’¯ğŸ’¯ğŸ’¯ğŸ’¯ğŸ’¯ğŸ’¯ğŸ’¯ğŸ’¯,22,3,SHRECK SHOES ğŸ’¯ğŸ’¯ğŸ’¯ğŸ’¯ğŸ’¯ğŸ’¯ğŸ’¯ğŸ’¯ğŸ’¯,noise_only
9HGr4L4-7b0,Adidas 4/20 Shoes have Secret Layersâ€¦ğŸƒ,2023-04-23T01:32:01Z,Ugyk5BYhzoUl589PNhx4AaABAg,2023-06-09T20:17:10Z,0,Ass,3,1,Ass,too_short_words
VN0h6sK9suo,barefoot shoes - unsponsored review,2023-05-18T00:15:46Z,Ugwz-Szgf8dksO4lV6x4AaABAg,2025-09-11T15:31:07Z,0,ğŸ˜Š,1,1,ğŸ˜Š,too_short
VN0h6sK9suo,barefoot shoes - unsponsored review,2023-05-18T00:15:46Z,Ugw5rqiJVa8iS_bcnnJ4AaABAg,2025-08-21T05:13:03Z,0,FREE FEET YOO,13,3,FREE FEET YOO,spam_like
VN0h6sK9suo,barefoot shoes - unsponsored review,2023-05-18T00:15:46Z,UgyIH6U9B5SbSs5pfHV4AaABAg,2025-06-20T05:20:24Z,0,Now cricket could finally get his free splishyğŸ˜„ğŸ«ƒ,48,8,Now cricket could finally get his free splishyğŸ˜„ğŸ«ƒ,spam_like
VN0h6sK9suo,barefoot shoes - unsponsored review,2023-05-18T00:15:46Z,UgzDyd8QFFzhW2l39b14AaABAg,2025-03-14T23:18:52Z,0,"Naaaaah bro, full on dive into that shit like I did, vibrams rule",65,13,"Naaaaah bro, full on dive into that shit like I did, vibrams rule",noise_only
VN0h6sK9suo,barefoot shoes - unsponsored review,2023-05-18T00:15:46Z,UgyXrgoPH0mxkQL0PTF4AaABAg,2025-02-24T17:24:14Z,0,Crocs,5,1,Crocs,too_short_words
VN0h6sK9suo,barefoot shoes - unsponsored review,2023-05-18T00:15:46Z,UgyRaeMLlghM599gTBF4AaABAg,2025-01-22T07:59:05Z,0,five finger vibrams are my favourites for trail running. especially with some wet conditions. feels amazing. for work and regular wear though I really love my Wildling shoes from Germany. I have Vivos too (they were my first) but boy do i not like them. Wish I found the Wildlings sooner tbh and save the money <_<. I have a coworker who suggests xeros as well. havent tried them but i do need to replace my mountaineering barefoot boots so i might give them a try,464,86,five finger vibrams are my favourites for trail running. especially with some wet conditions. feels amazing. for work and regular wear though I really love my Wildling shoes from Germany. I have Vivos too (they were my first) but boy do i not like them. Wish I found the Wildlings sooner tbh and save the money <_<. I have a coworker who suggests xeros as well. havent tried them but i do need to replace my mountaineering barefoot boots so i might give them a try,noise_only
VN0h6sK9suo,barefoot shoes - unsponsored review,2023-05-18T00:15:46Z,UgwVrVZ2qydsg4EpN7V4AaABAg,2025-01-06T06:32:48Z,0,GO ARKANSAS WOOOOOOOOO,22,3,GO ARKANSAS WOOOOOOOOO,noise_only
VN0h6sK9suo,barefoot shoes - unsponsored review,2023-05-18T00:15:46Z,UgxciKEjPyTowqDOVY94AaABAg,2024-12-13T16:49:48Z,0,Free them Dawgs Hybrid,22,4,Free them Dawgs Hybrid,spam_like
VN0h6sK9suo,barefoot shoes - unsponsored review,2023-05-18T00:15:46Z,UgxbPQAn3NdSyLHUZtR4AaABAg,2024-12-06T02:24:08Z,0,"It's function, not fashion for shoes. Our feet are supposed to be free to perform, not squashed in with pointy toes and highly cushioned, stiff soles. We weren't born with feet that need correcting",197,34,"It's function, not fashion for shoes. Our feet are supposed to be free to perform, not squashed in with pointy toes and highly cushioned, stiff soles. We weren't born with feet that need correcting",spam_like
VN0h6sK9suo,barefoot shoes - unsponsored review,2023-05-18T00:15:46Z,UgxbTe9UL2MAS_JL0Ex4AaABAg,2024-12-01T23:36:17Z,0,Ew,2,1,Ew,too_short
VN0h6sK9suo,barefoot shoes - unsponsored review,2023-05-18T00:15:46Z,Ugy1UV0j6smAUn2OcSR4AaABAg,2024-12-01T23:26:24Z,0,Your giving free feet pics,26,5,Your giving free feet pics,spam_like
VN0h6sK9suo,barefoot shoes - unsponsored review,2023-05-18T00:15:46Z,UgyUTs97wC7IjVhJQKB4AaABAg,2024-12-01T21:52:54Z,0,0:03 ğŸ˜‹,6,2,0:03 ğŸ˜‹,too_short_words
VN0h6sK9suo,barefoot shoes - unsponsored review,2023-05-18T00:15:46Z,UgySDhp5YIqRlYQGY654AaABAg,2024-09-18T23:50:33Z,2,"""These are like gloves for you feet""  Soooo....... socks?",57,9,"""These are like gloves for you feet"" Soooo....... socks?",noise_only
VN0h6sK9suo,barefoot shoes - unsponsored review,2023-05-18T00:15:46Z,Ugx4MjPKK4VFBZ0dJSd4AaABAg,2024-09-02T03:06:53Z,0,LEMS,4,1,LEMS,too_short_words
VN0h6sK9suo,barefoot shoes - unsponsored review,2023-05-18T00:15:46Z,UgxVux2YSvXoI4H6czl4AaABAg,2024-08-13T23:30:05Z,0,(facepalm) OR you could use footwear that been around for like............EVER. Like creek shoes designed for walking in water with large holes to expel water from the foot but provides protects for abrasions or cuts to the feet. OR Wrestling shoes for protection but with the feeling of being bare footed for light and agile movement. Also preferred by drummers for more feeling when operation there favorite instrument.,421,68,(facepalm) OR you could use footwear that been around for like............EVER. Like creek shoes designed for walking in water with large holes to expel water from the foot but provides protects for abrasions or cuts to the feet. OR Wrestling shoes for protection but with the feeling of being bare footed for light and agile movement. Also preferred by drummers for more feeling when operation there favorite instrument.,noise_only
bGSsQzQZbWw,Amazon SneakerSoul Sole Protector ğŸ‘€ğŸ˜³ #nike #sneakerprotection #soleprotector,2023-10-18T23:49:21Z,Ugykj8lc6ndHtjZyBc54AaABAg,2025-09-25T22:45:22Z,0,ğŸ¤®ğŸ¤®ğŸ¤®ğŸ¤®ğŸ¤®ğŸ¤®ğŸ¤®,7,1,ğŸ¤®ğŸ¤®ğŸ¤®ğŸ¤®ğŸ¤®ğŸ¤®ğŸ¤®,noise_only
bGSsQzQZbWw,Amazon SneakerSoul Sole Protector ğŸ‘€ğŸ˜³ #nike #sneakerprotection #soleprotector,2023-10-18T23:49:21Z,Ugy_lxcF5IQCq4m9p4N4AaABAg,2025-09-20T08:17:49Z,0,Gay,3,1,Gay,too_short_words
bGSsQzQZbWw,Amazon SneakerSoul Sole Protector ğŸ‘€ğŸ˜³ #nike #sneakerprotection #soleprotector,2023-10-18T23:49:21Z,UgwdzFgqDZggsGaWLQd4AaABAg,2025-09-18T20:27:43Z,0,https://youtube.com/shorts/qkc03QYfV1w?si=OlGyrXWr_lGEei8ihttps://youtube.com/shorts/apDEQEw6w_Y?si=B762E4xG69WDwisthttps://youtube.com/shorts/_DROp-aC0gI?si=7AP4TKSKGrpPXH7Fhttps://youtube.com/shorts/r-QclT8h6Ps?si=3STmSoCLQLKlNHq1https://youtube.com/shorts/qkc03QYfV1w?si=OlGyrXWr_lGEei8ihttps://youtube.com/shorts/nWqxtyFfmNs?si=DQMA5uqKxNA_6-_lhttps://youtube.com/shorts/n8COgdUso78?si=fTe5sxcz-_Yyt1Gohttps://youtube.com/shorts/QvE_itklMPA?si=im9zK8tiNegR-KIGhttps://youtube.com/shorts/QvE_itklMPA?si=im9zK8tiNegR-KIGhttps://youtube.com/shorts/QvE_itklMPA?si=im9zK8tiNegR-KIGhttps://youtube.com/shorts/QvE_itklMPA?si=im9zK8tiNegR-KIGhttps://youtube.com/shorts/QvE_itklMPA?si=im9zK8tiNegR-KIGhttps://youtube.com/shorts/Z3AggOkI0U8?si=MLrp8zaeo2G-wSZphttps://youtube.com/shorts/Z3AggOkI0U8?si=MLrp8zaeo2G-wSZphttps://youtube.com/shorts/RHnlc6t6L1w?si=rUP_c8PcNnDclk0Dhttps://youtube.com/shorts/QvE_itklMPA?si=im9zK8tiNegR-KIGhttps://youtube.com/shorts/RHnlc6t6L1w?si=rUP_c8PcNnDclk0D,986,1,<URL>,too_short_words
bGSsQzQZbWw,Amazon SneakerSoul Sole Protector ğŸ‘€ğŸ˜³ #nike #sneakerprotection #soleprotector,2023-10-18T23:49:21Z,UgxgLQ0GV9GjqX1sYId4AaABAg,2025-09-18T20:27:14Z,0,https://youtube.com/shorts/apDEQEw6w_Y?si=B762E4xG69WDwisthttps://youtube.com/shorts/_DROp-aC0gI?si=7AP4TKSKGrpPXH7Fhttps://youtube.com/shorts/r-QclT8h6Ps?si=3STmSoCLQLKlNHq1,174,1,<URL>,too_short_words
bGSsQzQZbWw,Amazon SneakerSoul Sole Protector ğŸ‘€ğŸ˜³ #nike #sneakerprotection #soleprotector,2023-10-18T23:49:21Z,Ugzy02SvfNEzV00Ah_B4AaABAg,2025-09-16T01:00:07Z,0,https://media.tenor.com/rlVyzWgCrxQAAAAM/good-morning-morning.gif,65,1,<URL>,too_short_words
bGSsQzQZbWw,Amazon SneakerSoul Sole Protector ğŸ‘€ğŸ˜³ #nike #sneakerprotection #soleprotector,2023-10-18T23:49:21Z,Ugwa6KuqlMYiU1uaKd14AaABAg,2025-09-06T16:00:34Z,0,Ew,2,1,Ew,too_short
bGSsQzQZbWw,Amazon SneakerSoul Sole Protector ğŸ‘€ğŸ˜³ #nike #sneakerprotection #soleprotector,2023-10-18T23:49:21Z,UgyByyMQBo6kHERhD9B4AaABAg,2025-09-05T14:13:48Z,0,2079 J do eh NC do feel rush flee ğŸ¤¯ you AAHHHAHHHHHHHHH AAHHHAHHHHHHHHH,71,13,2079 J do eh NC do feel rush flee ğŸ¤¯ you AAHHHAHHHHHHHHH AAHHHAHHHHHHHHH,noise_only
bGSsQzQZbWw,Amazon SneakerSoul Sole Protector ğŸ‘€ğŸ˜³ #nike #sneakerprotection #soleprotector,2023-10-18T23:49:21Z,Ugz0kNcf4FSy-IcFU6F4AaABAg,2025-09-04T20:13:42Z,0,$15000?,7,1,$15000?,too_short_words
bGSsQzQZbWw,Amazon SneakerSoul Sole Protector ğŸ‘€ğŸ˜³ #nike #sneakerprotection #soleprotector,2023-10-18T23:49:21Z,UgwEWEmKLuFSnAnBOXl4AaABAg,2025-08-31T21:55:47Z,0,Wtf?,4,1,Wtf?,too_short_words
bGSsQzQZbWw,Amazon SneakerSoul Sole Protector ğŸ‘€ğŸ˜³ #nike #sneakerprotection #soleprotector,2023-10-18T23:49:21Z,Ugzm1NbFM3I3bJs447N4AaABAg,2025-08-13T00:51:15Z,0,How?,4,1,How?,too_short_words
bGSsQzQZbWw,Amazon SneakerSoul Sole Protector ğŸ‘€ğŸ˜³ #nike #sneakerprotection #soleprotector,2023-10-18T23:49:21Z,UgzWXV-19dCl5sU0fVh4AaABAg,2025-08-12T19:20:52Z,0,Bradar you can get dose who you have to put on then going to the dentist for free or usr plastic bags or dont be retarted and dont put your best shoes for a run,160,35,Bradar you can get dose who you have to put on then going to the dentist for free or usr plastic bags or dont be retarted and dont put your best shoes for a run,spam_like
bGSsQzQZbWw,Amazon SneakerSoul Sole Protector ğŸ‘€ğŸ˜³ #nike #sneakerprotection #soleprotector,2023-10-18T23:49:21Z,UgzXe-95U6xJfTyS5rx4AaABAg,2025-08-12T07:55:08Z,0,15000 shoesğŸ˜‚ğŸ˜‚ğŸ˜‚ğŸ˜‚ğŸ˜‚ğŸ˜‚..10 dollar shoes does the same thing..,56,8,15000 shoesğŸ˜‚ğŸ˜‚ğŸ˜‚ğŸ˜‚ğŸ˜‚ğŸ˜‚..10 dollar shoes does the same thing..,noise_only
bGSsQzQZbWw,Amazon SneakerSoul Sole Protector ğŸ‘€ğŸ˜³ #nike #sneakerprotection #soleprotector,2023-10-18T23:49:21Z,UgzGBbvJ4OSdT2HiK6h4AaABAg,2025-08-11T20:54:37Z,0,I HAVE THE SAME SHOES BROOOOOO,30,6,I HAVE THE SAME SHOES BROOOOOO,noise_only
bGSsQzQZbWw,Amazon SneakerSoul Sole Protector ğŸ‘€ğŸ˜³ #nike #sneakerprotection #soleprotector,2023-10-18T23:49:21Z,UgzXUUPZe6kPcig9nsp4AaABAg,2025-08-11T19:19:12Z,0,Thoes ain't 15kğŸ˜‚ğŸ˜‚ğŸ˜‚ğŸ˜‚ğŸ˜‚ğŸ˜‚,21,3,Thoes ain't 15kğŸ˜‚ğŸ˜‚ğŸ˜‚ğŸ˜‚ğŸ˜‚ğŸ˜‚,noise_only
bGSsQzQZbWw,Amazon SneakerSoul Sole Protector ğŸ‘€ğŸ˜³ #nike #sneakerprotection #soleprotector,2023-10-18T23:49:21Z,UgyjRZvaOv4SHNo3_tB4AaABAg,2025-08-10T02:50:46Z,0,WHAT,4,1,WHAT,too_short_words
bGSsQzQZbWw,Amazon SneakerSoul Sole Protector ğŸ‘€ğŸ˜³ #nike #sneakerprotection #soleprotector,2023-10-18T23:49:21Z,UgwvnRVIgljf9KcPo9h4AaABAg,2025-08-09T16:48:38Z,0,ğŸ˜‚ğŸ˜‚ğŸ˜‚1â‚¬,5,1,ğŸ˜‚ğŸ˜‚ğŸ˜‚1â‚¬,too_short_words
bGSsQzQZbWw,Amazon SneakerSoul Sole Protector ğŸ‘€ğŸ˜³ #nike #sneakerprotection #soleprotector,2023-10-18T23:49:21Z,UgxUCef1OhzQ9FjUpQl4AaABAg,2025-08-09T01:16:02Z,0,Hi,2,1,Hi,too_short
bGSsQzQZbWw,Amazon SneakerSoul Sole Protector ğŸ‘€ğŸ˜³ #nike #sneakerprotection #soleprotector,2023-10-18T23:49:21Z,UgyRcj3itbsFLbgniLF4AaABAg,2025-08-08T17:00:36Z,0,Damnnnn,7,1,Damnnnn,too_short_words
bGSsQzQZbWw,Amazon SneakerSoul Sole Protector ğŸ‘€ğŸ˜³ #nike #sneakerprotection #soleprotector,2023-10-18T23:49:21Z,UgxCM99hrnZAlv2VkD94AaABAg,2025-08-07T02:57:15Z,1,Pluh,4,1,Pluh,too_short_words
bGSsQzQZbWw,Amazon SneakerSoul Sole Protector ğŸ‘€ğŸ˜³ #nike #sneakerprotection #soleprotector,2023-10-18T23:49:21Z,Ugzq-WWQr54Jc4UjteJ4AaABAg,2025-08-06T12:09:16Z,0,liar,4,1,liar,too_short_words
bGSsQzQZbWw,Amazon SneakerSoul Sole Protector ğŸ‘€ğŸ˜³ #nike #sneakerprotection #soleprotector,2023-10-18T23:49:21Z,UgxIr60els07hzUKQFF4AaABAg,2025-08-06T04:50:03Z,0,That looks like itâ€™s from 100000bcğŸ˜‚ğŸ˜‚,36,6,That looks like itâ€™s from 100000bcğŸ˜‚ğŸ˜‚,noise_only
bGSsQzQZbWw,Amazon SneakerSoul Sole Protector ğŸ‘€ğŸ˜³ #nike #sneakerprotection #soleprotector,2023-10-18T23:49:21Z,UgyhuhNX25FFrBd-a4R4AaABAg,2025-08-05T21:52:34Z,0,Mud:ğŸ—¿,5,1,Mud:ğŸ—¿,too_short_words
bGSsQzQZbWw,Amazon SneakerSoul Sole Protector ğŸ‘€ğŸ˜³ #nike #sneakerprotection #soleprotector,2023-10-18T23:49:21Z,Ugz9-zvDM7-awjupJpF4AaABAg,2025-08-05T06:48:40Z,0,â€œNIKEâ€,6,1,â€œNIKEâ€,too_short_words
bGSsQzQZbWw,Amazon SneakerSoul Sole Protector ğŸ‘€ğŸ˜³ #nike #sneakerprotection #soleprotector,2023-10-18T23:49:21Z,UgyjFmE1UZyurGIvpoR4AaABAg,2025-08-05T05:28:04Z,0,Noodles,7,1,Noodles,too_short_words
bGSsQzQZbWw,Amazon SneakerSoul Sole Protector ğŸ‘€ğŸ˜³ #nike #sneakerprotection #soleprotector,2023-10-18T23:49:21Z,Ugz1bhSC2iY5jVi1mN94AaABAg,2025-08-04T20:29:36Z,0,Balls,5,1,Balls,too_short_words
bGSsQzQZbWw,Amazon SneakerSoul Sole Protector ğŸ‘€ğŸ˜³ #nike #sneakerprotection #soleprotector,2023-10-18T23:49:21Z,UgyO05RmJi7EDhLR7NR4AaABAg,2025-08-04T16:14:36Z,0,Or for free you could just use inspection tape and tape the bottom of your shoes.,81,16,Or for free you could just use inspection tape and tape the bottom of your shoes.,spam_like
bGSsQzQZbWw,Amazon SneakerSoul Sole Protector ğŸ‘€ğŸ˜³ #nike #sneakerprotection #soleprotector,2023-10-18T23:49:21Z,UgzqbbowygQuhyIZLA14AaABAg,2025-08-04T14:56:58Z,0,Cap,3,1,Cap,too_short_words
bGSsQzQZbWw,Amazon SneakerSoul Sole Protector ğŸ‘€ğŸ˜³ #nike #sneakerprotection #soleprotector,2023-10-18T23:49:21Z,UgywYTSfryQu4mw2kZx4AaABAg,2025-08-04T07:40:38Z,0,So basically there's something called washing idk if you know it it's crazy like if you wet your shoes they will be brand new for 0$ğŸ˜³ğŸ˜³ğŸ˜³ğŸ˜³ğŸ˜³ğŸ˜³ğŸ˜³ğŸ˜³ğŸ˜³ğŸ‘€ğŸ‘€ğŸ‘€ğŸ‘€ğŸ‘€ğŸ‘€ğŸ‘€ğŸ‘€ğŸ‘€ğŸ‘€ğŸ‘€ğŸ‘€,153,26,So basically there's something called washing idk if you know it it's crazy like if you wet your shoes they will be brand new for 0$ğŸ˜³ğŸ˜³ğŸ˜³ğŸ˜³ğŸ˜³ğŸ˜³ğŸ˜³ğŸ˜³ğŸ˜³ğŸ‘€ğŸ‘€ğŸ‘€ğŸ‘€ğŸ‘€ğŸ‘€ğŸ‘€ğŸ‘€ğŸ‘€ğŸ‘€ğŸ‘€ğŸ‘€,noise_only
bGSsQzQZbWw,Amazon SneakerSoul Sole Protector ğŸ‘€ğŸ˜³ #nike #sneakerprotection #soleprotector,2023-10-18T23:49:21Z,UgxBMT-HnSrK4kIH5WN4AaABAg,2025-08-04T00:56:27Z,0,cool,4,1,cool,too_short_words
bGSsQzQZbWw,Amazon SneakerSoul Sole Protector ğŸ‘€ğŸ˜³ #nike #sneakerprotection #soleprotector,2023-10-18T23:49:21Z,UgziX31MlohABK9gAb94AaABAg,2025-08-04T00:19:02Z,0,âš«ï¸_____________________âš«ï¸,25,1,âš«ï¸_____________________âš«ï¸,noise_only
bGSsQzQZbWw,Amazon SneakerSoul Sole Protector ğŸ‘€ğŸ˜³ #nike #sneakerprotection #soleprotector,2023-10-18T23:49:21Z,UgxWH7eVzKRrVxqhTOp4AaABAg,2025-08-03T22:50:41Z,0,YOU,3,1,YOU,too_short_words
bGSsQzQZbWw,Amazon SneakerSoul Sole Protector ğŸ‘€ğŸ˜³ #nike #sneakerprotection #soleprotector,2023-10-18T23:49:21Z,UgyFG1PM2YCPf5CnZ7p4AaABAg,2025-08-03T22:19:47Z,0,Why,3,1,Why,too_short_words
bGSsQzQZbWw,Amazon SneakerSoul Sole Protector ğŸ‘€ğŸ˜³ #nike #sneakerprotection #soleprotector,2023-10-18T23:49:21Z,UgwdhArCk-FaU_vxlZt4AaABAg,2025-08-02T14:39:40Z,0,Future,6,1,Future,too_short_words
bGSsQzQZbWw,Amazon SneakerSoul Sole Protector ğŸ‘€ğŸ˜³ #nike #sneakerprotection #soleprotector,2023-10-18T23:49:21Z,UgzZ0CvyAnZd3ur2sCl4AaABAg,2025-08-02T13:26:44Z,0,Omg,3,1,Omg,too_short_words
bGSsQzQZbWw,Amazon SneakerSoul Sole Protector ğŸ‘€ğŸ˜³ #nike #sneakerprotection #soleprotector,2023-10-18T23:49:21Z,UgwcZubCRLQrSbHS3lx4AaABAg,2025-08-02T12:33:49Z,0,This touched my heart to much.......,36,6,This touched my heart to much.......,noise_only
bGSsQzQZbWw,Amazon SneakerSoul Sole Protector ğŸ‘€ğŸ˜³ #nike #sneakerprotection #soleprotector,2023-10-18T23:49:21Z,UgwcCJCEBcBKXIvQcBd4AaABAg,2025-08-02T11:12:13Z,0,Your shoes worth 15k what's wrong what you ğŸ’€ğŸ’€ğŸ’€ğŸ’€ğŸ’€ğŸ’€,49,9,Your shoes worth 15k what's wrong what you ğŸ’€ğŸ’€ğŸ’€ğŸ’€ğŸ’€ğŸ’€,noise_only
bGSsQzQZbWw,Amazon SneakerSoul Sole Protector ğŸ‘€ğŸ˜³ #nike #sneakerprotection #soleprotector,2023-10-18T23:49:21Z,Ugxx1s65pjuSnKONgfl4AaABAg,2025-08-02T10:08:50Z,0,â¤â¤â¤â¤â¤â¤i like this,17,3,â¤â¤â¤â¤â¤â¤i like this,noise_only
bGSsQzQZbWw,Amazon SneakerSoul Sole Protector ğŸ‘€ğŸ˜³ #nike #sneakerprotection #soleprotector,2023-10-18T23:49:21Z,Ugw0bbN-UYZP5dphFy54AaABAg,2025-08-02T09:24:03Z,0,ASMR,4,1,ASMR,too_short_words
bGSsQzQZbWw,Amazon SneakerSoul Sole Protector ğŸ‘€ğŸ˜³ #nike #sneakerprotection #soleprotector,2023-10-18T23:49:21Z,UgyhfkKyl_gMbnRsseR4AaABAg,2025-08-02T08:01:19Z,0,Useless,7,1,Useless,too_short_words
bGSsQzQZbWw,Amazon SneakerSoul Sole Protector ğŸ‘€ğŸ˜³ #nike #sneakerprotection #soleprotector,2023-10-18T23:49:21Z,UgzHKqRgJXngweC7YDh4AaABAg,2025-08-02T06:52:41Z,0,Ant no kid needs a15k shoe like who you tryna impress ğŸ¥€ğŸ¥€ğŸ¥€ğŸ¥€ğŸ¥€ğŸ¥€ğŸ¥€ğŸ¥€ğŸ¥€ğŸ¥€ğŸ¥€ğŸ¥€ğŸ¥€ğŸ¥€ğŸ¥€,69,12,Ant no kid needs a15k shoe like who you tryna impress ğŸ¥€ğŸ¥€ğŸ¥€ğŸ¥€ğŸ¥€ğŸ¥€ğŸ¥€ğŸ¥€ğŸ¥€ğŸ¥€ğŸ¥€ğŸ¥€ğŸ¥€ğŸ¥€ğŸ¥€,noise_only
bGSsQzQZbWw,Amazon SneakerSoul Sole Protector ğŸ‘€ğŸ˜³ #nike #sneakerprotection #soleprotector,2023-10-18T23:49:21Z,UgyKDgkIDs3pfEHbUsJ4AaABAg,2025-08-02T05:43:03Z,0,jo,2,1,jo,too_short
bGSsQzQZbWw,Amazon SneakerSoul Sole Protector ğŸ‘€ğŸ˜³ #nike #sneakerprotection #soleprotector,2023-10-18T23:49:21Z,UgxSktES7wj0x1-HuS54AaABAg,2025-08-02T05:26:45Z,0,Ewwwwww,7,1,Ewwwwww,noise_only
bGSsQzQZbWw,Amazon SneakerSoul Sole Protector ğŸ‘€ğŸ˜³ #nike #sneakerprotection #soleprotector,2023-10-18T23:49:21Z,UgwksXUuc21RNTsjjo14AaABAg,2025-08-02T05:04:17Z,0,Put it back on!!!!!!!!!!!! Now you have to get back down dum dum,64,13,Put it back on!!!!!!!!!!!! Now you have to get back down dum dum,noise_only
bGSsQzQZbWw,Amazon SneakerSoul Sole Protector ğŸ‘€ğŸ˜³ #nike #sneakerprotection #soleprotector,2023-10-18T23:49:21Z,UgwjPvzDOVBJhFVtlyF4AaABAg,2025-08-02T03:43:59Z,0,Allows,6,1,Allows,too_short_words
bGSsQzQZbWw,Amazon SneakerSoul Sole Protector ğŸ‘€ğŸ˜³ #nike #sneakerprotection #soleprotector,2023-10-18T23:49:21Z,Ugw7sof3FMJLACfU7L14AaABAg,2025-08-01T23:19:29Z,0,Bro a plastic bag is free.....,30,6,Bro a plastic bag is free.....,noise_only
bGSsQzQZbWw,Amazon SneakerSoul Sole Protector ğŸ‘€ğŸ˜³ #nike #sneakerprotection #soleprotector,2023-10-18T23:49:21Z,UgybVxFDBxkqPx4YndZ4AaABAg,2025-08-01T22:46:40Z,0,Dumb,4,1,Dumb,too_short_words
guvx2IAOlmo,Running in BANNED running shoesğŸ˜³ğŸ‘Ÿ,2023-06-03T17:56:44Z,UgwG3NSTg_LhihSRQ5J4AaABAg,2025-03-27T20:45:44Z,0,O,1,1,O,too_short
guvx2IAOlmo,Running in BANNED running shoesğŸ˜³ğŸ‘Ÿ,2023-06-03T17:56:44Z,UgwR5PIEMYovkqr1Z9t4AaABAg,2024-12-09T04:51:22Z,0,Hi,2,1,Hi,too_short
guvx2IAOlmo,Running in BANNED running shoesğŸ˜³ğŸ‘Ÿ,2023-06-03T17:56:44Z,Ugy4ZBfB0KAp-0vlvJN4AaABAg,2024-10-25T00:09:17Z,0,Bluff,5,1,Bluff,too_short_words
guvx2IAOlmo,Running in BANNED running shoesğŸ˜³ğŸ‘Ÿ,2023-06-03T17:56:44Z,Ugy8vkcpc4YCwxuTzvd4AaABAg,2024-10-18T01:08:26Z,0,E,1,1,E,too_short
guvx2IAOlmo,Running in BANNED running shoesğŸ˜³ğŸ‘Ÿ,2023-06-03T17:56:44Z,UgwxWbWt1DgPGCjLKF94AaABAg,2024-10-03T23:18:51Z,0,Dam,3,1,Dam,too_short_words
guvx2IAOlmo,Running in BANNED running shoesğŸ˜³ğŸ‘Ÿ,2023-06-03T17:56:44Z,Ugxm3NLYo0JG_TJwHnx4AaABAg,2024-06-30T01:12:57Z,0,275,3,1,275,too_short_words
guvx2IAOlmo,Running in BANNED running shoesğŸ˜³ğŸ‘Ÿ,2023-06-03T17:56:44Z,UgwlNPbUNCJqLkhYK4p4AaABAg,2024-06-13T23:11:48Z,0,HolÃ¡,4,1,HolÃ¡,too_short_words
guvx2IAOlmo,Running in BANNED running shoesğŸ˜³ğŸ‘Ÿ,2023-06-03T17:56:44Z,UgxqrBVlcV2vKWsad0d4AaABAg,2024-06-08T02:00:50Z,1,N,1,1,N,too_short
guvx2IAOlmo,Running in BANNED running shoesğŸ˜³ğŸ‘Ÿ,2023-06-03T17:56:44Z,UgzfAMzFas5e0WkzdAB4AaABAg,2024-06-08T02:00:47Z,1,I,1,1,I,too_short
guvx2IAOlmo,Running in BANNED running shoesğŸ˜³ğŸ‘Ÿ,2023-06-03T17:56:44Z,UgzbkDOE82NwOJyxWGJ4AaABAg,2024-06-08T02:00:44Z,1,G,1,1,G,too_short
guvx2IAOlmo,Running in BANNED running shoesğŸ˜³ğŸ‘Ÿ,2023-06-03T17:56:44Z,UgzHlygiStbfb_W8YYF4AaABAg,2024-06-08T02:00:38Z,1,A,1,1,A,too_short
guvx2IAOlmo,Running in BANNED running shoesğŸ˜³ğŸ‘Ÿ,2023-06-03T17:56:44Z,Ugyf0-GQQqdrT2wLX9Z4AaABAg,2024-02-16T07:34:25Z,0,ğŸ’€ğŸ’€,2,1,ğŸ’€ğŸ’€,too_short
guvx2IAOlmo,Running in BANNED running shoesğŸ˜³ğŸ‘Ÿ,2023-06-03T17:56:44Z,UgybZG0OxQ40s4OBJoZ4AaABAg,2024-02-10T02:31:09Z,0,Wow,3,1,Wow,too_short_words
guvx2IAOlmo,Running in BANNED running shoesğŸ˜³ğŸ‘Ÿ,2023-06-03T17:56:44Z,Ugz1yH53dqZIyogGA2V4AaABAg,2024-02-05T09:27:59Z,0,JuhioihoyhoiuiuhhuohuğŸ˜‚ğŸ˜‚ğŸ˜‚ğŸ˜‚ğŸ˜‚ğŸ˜‚!,28,1,JuhioihoyhoiuiuhhuohuğŸ˜‚ğŸ˜‚ğŸ˜‚ğŸ˜‚ğŸ˜‚ğŸ˜‚!,noise_only
guvx2IAOlmo,Running in BANNED running shoesğŸ˜³ğŸ‘Ÿ,2023-06-03T17:56:44Z,Ugw3iR5FP17_onSXMzV4AaABAg,2024-01-31T15:05:18Z,0,0:00,4,1,0:00,too_short_words
guvx2IAOlmo,Running in BANNED running shoesğŸ˜³ğŸ‘Ÿ,2023-06-03T17:56:44Z,UgwD-9prfSWK-f6VCeJ4AaABAg,2024-01-21T12:45:27Z,0,(\_/) (-_-) (>â¤,15,3,(\_/) (-_-) (>â¤,noise_only
guvx2IAOlmo,Running in BANNED running shoesğŸ˜³ğŸ‘Ÿ,2023-06-03T17:56:44Z,UgzvYT6qFkKXgxH0MHd4AaABAg,2024-01-05T09:51:52Z,0,Bro you can giveaway those shoes ğŸ˜¢ Please ğŸ™,43,9,Bro you can giveaway those shoes ğŸ˜¢ Please ğŸ™,spam_like
guvx2IAOlmo,Running in BANNED running shoesğŸ˜³ğŸ‘Ÿ,2023-06-03T17:56:44Z,UgywvbqEjdCmeiwsiq54AaABAg,2023-12-27T12:11:24Z,0,OmgğŸ˜‚,4,1,OmgğŸ˜‚,too_short_words
guvx2IAOlmo,Running in BANNED running shoesğŸ˜³ğŸ‘Ÿ,2023-06-03T17:56:44Z,UgyUb7kQ9bOkkWqUySh4AaABAg,2023-12-26T08:14:54Z,0,Crazy,5,1,Crazy,too_short_words
guvx2IAOlmo,Running in BANNED running shoesğŸ˜³ğŸ‘Ÿ,2023-06-03T17:56:44Z,UgyfdbJxmV5fQl8AXAN4AaABAg,2023-12-04T22:16:58Z,0,Plum,4,1,Plum,too_short_words
guvx2IAOlmo,Running in BANNED running shoesğŸ˜³ğŸ‘Ÿ,2023-06-03T17:56:44Z,UgyiPt5gHIBXxB6ngah4AaABAg,2023-11-16T13:04:45Z,0,Nice,4,1,Nice,too_short_words
guvx2IAOlmo,Running in BANNED running shoesğŸ˜³ğŸ‘Ÿ,2023-06-03T17:56:44Z,UgxKF3RfQz03rzm-hUp4AaABAg,2023-11-07T22:39:08Z,0,"Introduction  The pursuit of faster mile times in the world of running has driven athletes, professionals, and enthusiasts alike to explore various strategies and technologies. Among these, the advent of running shoes dubbed 'the world's fastest running shoe' has sparked curiosity and excitement. These shoes are designed to enhance an athlete's speed and performance significantly. While the physical properties of these shoes play a crucial role, the psychological aspect cannot be overlooked. This essay delves into the notion that the reason individuals run faster miles with these shoes is due to the psychological influence they exert on the runner, encouraging them to run faster without their conscious awareness.  The Power of Perception  Perception is a potent force that shapes our behavior and performance. When athletes don 'the world's fastest running shoes,' they are aware of the shoes' reputation for speed. This knowledge alone can impact their perception of their own abilities. As humans, we tend to believe in the power of branding and marketing, and when we believe that a product is superior, our brains respond accordingly. When a runner wears shoes that are promoted as 'the world's fastest,' their mind is already inclined to believe in their enhanced speed capabilities.  Psychological Priming  Primarily, running in these shoes serves as a form of psychological priming. Psychologists have long recognized the influence of priming on behavior. In this context, wearing shoes that are labeled as the fastest primes the runner's mind to think and act faster. This priming effect triggers a subconscious expectation of enhanced performance, compelling the runner to push themselves harder and run faster miles.  The Power of Placebo  The placebo effect is another psychological phenomenon that comes into play when runners wear 'the world's fastest running shoes.' Even if these shoes only marginally improve a runner's performance or speed, the belief in their capabilities can generate a self-fulfilling prophecy. A placebo can lead to a real physiological response due to the expectation of an outcome. In this case, the placebo is the belief that these shoes are the fastest, and it results in a tangible increase in performance.  Motivation and Confidence  Confidence and motivation are critical components of running performance. When a runner believes they have an advantage by wearing 'the world's fastest running shoes,' their confidence and motivation increase. They are more likely to set ambitious goals and push themselves harder during training and races. The belief in having an edge can translate into a real boost in performance.  The Unconscious Push  One of the most fascinating aspects of running with 'the world's fastest running shoes' is that the increased performance seems to happen without the runner consciously realizing it. While they are aware of the shoes' reputation, the psychological processes at play often occur on a subconscious level. Runners find themselves running faster miles almost effortlessly, attributing their improved performance to the shoe's design and technology without considering the role of their own mindset.  Conclusion  The idea that running faster miles with 'the world's fastest running shoes' is influenced by the runner's perception and psychology is a compelling argument. While the physical properties of these shoes certainly play a role, the mental impact of wearing them should not be underestimated. Perception, priming, the placebo effect, motivation, and confidence all combine to create a powerful psychological force that encourages runners to push themselves to run faster miles. As a result, these shoes not only represent a technological advancement but also a testament to the profound connection between the mind and body in the world of running.",3875,589,"Introduction The pursuit of faster mile times in the world of running has driven athletes, professionals, and enthusiasts alike to explore various strategies and technologies. Among these, the advent of running shoes dubbed 'the world's fastest running shoe' has sparked curiosity and excitement. These shoes are designed to enhance an athlete's speed and performance significantly. While the physical properties of these shoes play a crucial role, the psychological aspect cannot be overlooked. This essay delves into the notion that the reason individuals run faster miles with these shoes is due to the psychological influence they exert on the runner, encouraging them to run faster without their conscious awareness. The Power of Perception Perception is a potent force that shapes our behavior and performance. When athletes don 'the world's fastest running shoes,' they are aware of the shoes' reputation for speed. This knowledge alone can impact their perception of their own abilities. As humans, we tend to believe in the power of branding and marketing, and when we believe that a product is superior, our brains respond accordingly. When a runner wears shoes that are promoted as 'the world's fastest,' their mind is already inclined to believe in their enhanced speed capabilities. Psychological Priming Primarily, running in these shoes serves as a form of psychological priming. Psychologists have long recognized the influence of priming on behavior. In this context, wearing shoes that are labeled as the fastest primes the runner's mind to think and act faster. This priming effect triggers a subconscious expectation of enhanced performance, compelling the runner to push themselves harder and run faster miles. The Power of Placebo The placebo effect is another psychological phenomenon that comes into play when runners wear 'the world's fastest running shoes.' Even if these shoes only marginally improve a runner's performance or speed, the belief in their capabilities can generate a self-fulfilling prophecy. A placebo can lead to a real physiological response due to the expectation of an outcome. In this case, the placebo is the belief that these shoes are the fastest, and it results in a tangible increase in performance. Motivation and Confidence Confidence and motivation are critical components of running performance. When a runner believes they have an advantage by wearing 'the world's fastest running shoes,' their confidence and motivation increase. They are more likely to set ambitious goals and push themselves harder during training and races. The belief in having an edge can translate into a real boost in performance. The Unconscious Push One of the most fascinating aspects of running with 'the world's fastest running shoes' is that the increased performance seems to happen without the runner consciously realizing it. While they are aware of the shoes' reputation, the psychological processes at play often occur on a subconscious level. Runners find themselves running faster miles almost effortlessly, attributing their improved performance to the shoe's design and technology without considering the role of their own mindset. Conclusion The idea that running faster miles with 'the world's fastest running shoes' is influenced by the runner's perception and psychology is a compelling argument. While the physical properties of these shoes certainly play a role, the mental impact of wearing them should not be underestimated. Perception, priming, the placebo effect, motivation, and confidence all combine to create a powerful psychological force that encourages runners to push themselves to run faster miles. As a result, these shoes not only represent a technological advancement but also a testament to the profound connection between the mind and body in the world of running.",too_long
guvx2IAOlmo,Running in BANNED running shoesğŸ˜³ğŸ‘Ÿ,2023-06-03T17:56:44Z,UgzUzU4ug6p7vryNrTJ4AaABAg,2023-10-28T16:36:07Z,0,DamnğŸ˜•,5,1,DamnğŸ˜•,too_short_words
guvx2IAOlmo,Running in BANNED running shoesğŸ˜³ğŸ‘Ÿ,2023-06-03T17:56:44Z,UgzdbUWCXJx4GywKOzx4AaABAg,2023-10-24T00:53:12Z,0,Insane,6,1,Insane,too_short_words
guvx2IAOlmo,Running in BANNED running shoesğŸ˜³ğŸ‘Ÿ,2023-06-03T17:56:44Z,Ugy9DN5-cx8MbXl3iN54AaABAg,2023-10-22T06:12:41Z,0,40,2,1,40,too_short
guvx2IAOlmo,Running in BANNED running shoesğŸ˜³ğŸ‘Ÿ,2023-06-03T17:56:44Z,UgxZiyuBiWwCPtuFQ7h4AaABAg,2023-10-21T16:51:48Z,0,@Kfc,4,1,<USER>,too_short_words
guvx2IAOlmo,Running in BANNED running shoesğŸ˜³ğŸ‘Ÿ,2023-06-03T17:56:44Z,Ugzzo8RWPRNCQ0bVdTl4AaABAg,2023-10-18T14:52:57Z,1,Kind,4,1,Kind,too_short_words
guvx2IAOlmo,Running in BANNED running shoesğŸ˜³ğŸ‘Ÿ,2023-06-03T17:56:44Z,UgxtndqQkBfDhPuAKA54AaABAg,2023-10-17T21:14:53Z,0,Asics>,6,1,Asics>,too_short_words
guvx2IAOlmo,Running in BANNED running shoesğŸ˜³ğŸ‘Ÿ,2023-06-03T17:56:44Z,UgyrHTnHkQNWMyEnoN54AaABAg,2023-10-07T01:55:44Z,0,https://youtube.com/shorts/CSIdYJpDfj4?si=ZgrgPBSqizl5jtww,58,1,<URL>,too_short_words
guvx2IAOlmo,Running in BANNED running shoesğŸ˜³ğŸ‘Ÿ,2023-06-03T17:56:44Z,Ugzeqi8hNANdeVKdvV14AaABAg,2023-10-03T12:08:03Z,0,BabiğŸ˜®ğŸ˜®,6,1,BabiğŸ˜®ğŸ˜®,too_short_words
guvx2IAOlmo,Running in BANNED running shoesğŸ˜³ğŸ‘Ÿ,2023-06-03T17:56:44Z,Ugx-0PW-Lj3T_U3ZvlR4AaABAg,2023-09-27T18:22:00Z,0,F,1,1,F,too_short
7xTpz4f3bVE,$30 vs $300 Running Shoes,2023-06-28T21:05:08Z,Ugz3cGh2HoO3iVj_rY94AaABAg,2025-05-07T21:19:12Z,0,A 4:01 IT FAST!!!!!!!!!!!!!!!!!!!!!!!!!!!!!!!!!!!!!!!,53,4,A 4:01 IT FAST!!!!!!!!!!!!!!!!!!!!!!!!!!!!!!!!!!!!!!!,noise_only
7xTpz4f3bVE,$30 vs $300 Running Shoes,2023-06-28T21:05:08Z,Ugy1xCeViSgyCir213B4AaABAg,2024-10-24T09:48:31Z,0,U,1,1,U,too_short
7xTpz4f3bVE,$30 vs $300 Running Shoes,2023-06-28T21:05:08Z,Ugz-f_BfX_Wm3gZfXpx4AaABAg,2024-09-06T12:16:02Z,0,Hkd,3,1,Hkd,too_short_words
7xTpz4f3bVE,$30 vs $300 Running Shoes,2023-06-28T21:05:08Z,Ugyt3c-gUajCuRj6JDd4AaABAg,2024-08-24T12:59:19Z,0,Amenâ¤,5,1,Amenâ¤,too_short_words
7xTpz4f3bVE,$30 vs $300 Running Shoes,2023-06-28T21:05:08Z,UgykegBxNV9TkQ_Q80N4AaABAg,2024-08-21T16:40:46Z,0,[slap,5,1,[slap,too_short_words
7xTpz4f3bVE,$30 vs $300 Running Shoes,2023-06-28T21:05:08Z,Ugw37aOWZbdtA4kenT94AaABAg,2024-08-17T03:28:42Z,0,////////////////////////////////////////////////////////////////////////////////////////////////////////////////////////////////////////////////////////////////////////////////////////////////////////////////////////////////////////////////////////////////////////////////////////////////////////////////////////////////////////////////////////////////////////////////////////////////////////////////////////////////////////////////////////////////////////////////////////////////////////////////////////////////////////////////////////////////////////////////////////////////////////////////////////////////////////////////////////////////////////////////////////////////////////////////////////////////////////////////////////////////////////////////////////////////////////////////////////////////////////////////////////////////////////////////////////////////////////////////////////////////////////////////////////////////////////////////////////////////////////////////////////////////////////////////////////////////////////////////////////////////////////////////////////////////////////////////////////////////////////////////////////////////////////////////////////////////////////////////////////////////////////////////////////////////////////////////////////////////////////////////////////////////////////////////////////////////////////////////////////////////////////////////////////////////////////////////////,1428,1,////////////////////////////////////////////////////////////////////////////////////////////////////////////////////////////////////////////////////////////////////////////////////////////////////////////////////////////////////////////////////////////////////////////////////////////////////////////////////////////////////////////////////////////////////////////////////////////////////////////////////////////////////////////////////////////////////////////////////////////////////////////////////////////////////////////////////////////////////////////////////////////////////////////////////////////////////////////////////////////////////////////////////////////////////////////////////////////////////////////////////////////////////////////////////////////////////////////////////////////////////////////////////////////////////////////////////////////////////////////////////////////////////////////////////////////////////////////////////////////////////////////////////////////////////////////////////////////////////////////////////////////////////////////////////////////////////////////////////////////////////////////////////////////////////////////////////////////////////////////////////////////////////////////////////////////////////////////////////////////////////////////////////////////////////////////////////////////////////////////////////////////////////////////////////////////////////////////////////,noise_only
7xTpz4f3bVE,$30 vs $300 Running Shoes,2023-06-28T21:05:08Z,UgzhW_4v0qgt14pEwUR4AaABAg,2024-08-12T15:51:31Z,0,DId YoU KnOw iF yOu bUy bEtTEr shoes yOu rUN fASteR!!!!!????,60,11,DId YoU KnOw iF yOu bUy bEtTEr shoes yOu rUN fASteR!!!!!????,noise_only
7xTpz4f3bVE,$30 vs $300 Running Shoes,2023-06-28T21:05:08Z,UgzvsXhlGZ9AIHbkIL54AaABAg,2024-07-30T13:57:31Z,0,Utter,5,1,Utter,too_short_words
7xTpz4f3bVE,$30 vs $300 Running Shoes,2023-06-28T21:05:08Z,UgzWxD3-gcxYl3QfLIR4AaABAg,2024-07-23T03:14:34Z,0,bro,3,1,bro,too_short_words
7xTpz4f3bVE,$30 vs $300 Running Shoes,2023-06-28T21:05:08Z,UgyHX-JNt_xkOWusfit4AaABAg,2024-07-13T09:07:32Z,0,Nice,4,1,Nice,too_short_words
7xTpz4f3bVE,$30 vs $300 Running Shoes,2023-06-28T21:05:08Z,Ugxd9R-Y0nkdL6b4BP94AaABAg,2024-05-09T07:48:19Z,0,weeeeell... there is a nice middle ground between throwaway 30$ trash and the 300$ over-the-top product... hint: you may not need to spent 10x the money for 90% of the benefits...,179,31,weeeeell... there is a nice middle ground between throwaway 30$ trash and the 300$ over-the-top product... hint: you may not need to spent 10x the money for 90% of the benefits...,noise_only
7xTpz4f3bVE,$30 vs $300 Running Shoes,2023-06-28T21:05:08Z,UgzQXFwRWp8GjrFddL94AaABAg,2024-05-04T15:16:22Z,0,No,2,1,No,too_short
7xTpz4f3bVE,$30 vs $300 Running Shoes,2023-06-28T21:05:08Z,Ugz7g3zxErG0UayctBt4AaABAg,2024-03-19T20:40:20Z,0,A,1,1,A,too_short
7xTpz4f3bVE,$30 vs $300 Running Shoes,2023-06-28T21:05:08Z,UgzyJ75af28tDWWEK-J4AaABAg,2024-02-18T12:02:24Z,0,[wow],5,1,[wow],too_short_words
7xTpz4f3bVE,$30 vs $300 Running Shoes,2023-06-28T21:05:08Z,UgxyXrGilNqi4lBq4sl4AaABAg,2024-01-18T16:19:24Z,0,(\_/) ( â€¢.â€¢ ) />â¤,17,5,(\_/) ( â€¢.â€¢ ) />â¤,noise_only
7xTpz4f3bVE,$30 vs $300 Running Shoes,2023-06-28T21:05:08Z,Ugz65mtC0FdGZcz9G0x4AaABAg,2023-11-12T23:39:56Z,0,HahA,4,1,HahA,too_short_words
7xTpz4f3bVE,$30 vs $300 Running Shoes,2023-06-28T21:05:08Z,UgyFc1siD6091VGYoYJ4AaABAg,2023-10-30T00:23:39Z,0,ğŸ˜‚ğŸ˜‚ğŸ˜‚ğŸ˜‚ğŸ˜‚ğŸ˜‚ğŸ˜‚ğŸ˜‚ğŸ˜‚ğŸ˜‚ğŸ˜‚ğŸ˜‚ğŸ˜‚ğŸ˜‚ğŸ˜‚HAHAHA!!!!!!!!!!!!!!!!!!!,40,1,ğŸ˜‚ğŸ˜‚ğŸ˜‚ğŸ˜‚ğŸ˜‚ğŸ˜‚ğŸ˜‚ğŸ˜‚ğŸ˜‚ğŸ˜‚ğŸ˜‚ğŸ˜‚ğŸ˜‚ğŸ˜‚ğŸ˜‚HAHAHA!!!!!!!!!!!!!!!!!!!,noise_only
7xTpz4f3bVE,$30 vs $300 Running Shoes,2023-06-28T21:05:08Z,UgxFo0TddwsbRsDPC1N4AaABAg,2023-10-15T22:46:04Z,0,Cool,4,1,Cool,too_short_words
7xTpz4f3bVE,$30 vs $300 Running Shoes,2023-06-28T21:05:08Z,UgxVBZsFZwbrTpzIV8V4AaABAg,2023-10-06T13:23:31Z,0,ShitğŸ’€,5,1,ShitğŸ’€,too_short_words
7xTpz4f3bVE,$30 vs $300 Running Shoes,2023-06-28T21:05:08Z,Ugy1UM3Hwt7p04cq_wx4AaABAg,2023-10-05T11:52:22Z,0,drooll,6,1,drooll,too_short_words
7xTpz4f3bVE,$30 vs $300 Running Shoes,2023-06-28T21:05:08Z,UgyXyNk4zfLSg6gc3Op4AaABAg,2023-10-05T01:18:16Z,0,See ğŸ˜‚,5,2,See ğŸ˜‚,too_short_words
7xTpz4f3bVE,$30 vs $300 Running Shoes,2023-06-28T21:05:08Z,UgxqPfUzGBTw-wNR7q54AaABAg,2023-10-03T11:51:46Z,0,"be tall = longer steps, get energy to run = UR THHAIR FASTES BOIIIIII",69,14,"be tall = longer steps, get energy to run = UR THHAIR FASTES BOIIIIII",noise_only
7xTpz4f3bVE,$30 vs $300 Running Shoes,2023-06-28T21:05:08Z,Ugw4BKjt4rvbb0coPWl4AaABAg,2023-10-01T17:10:48Z,0,7,1,1,7,too_short
7xTpz4f3bVE,$30 vs $300 Running Shoes,2023-06-28T21:05:08Z,UgwKanZqdwKpMiDT3_x4AaABAg,2023-09-29T20:43:38Z,0,speed,5,1,speed,too_short_words
7xTpz4f3bVE,$30 vs $300 Running Shoes,2023-06-28T21:05:08Z,UgzeDYqc2k7gqGsVWW54AaABAg,2023-09-28T15:14:16Z,0,This isn't how it works........     3enCarter : than how ?!!    ME : uhhhhhhhhh,79,13,This isn't how it works........ 3enCarter : than how ?!! ME : uhhhhhhhhh,noise_only
7xTpz4f3bVE,$30 vs $300 Running Shoes,2023-06-28T21:05:08Z,UgyKknRCqUw8OKU6zYZ4AaABAg,2023-09-26T10:48:14Z,0,Can we say to our mom also ğŸ˜‚ğŸ˜‚ğŸ˜‚ğŸ˜‚ğŸ˜‚,32,8,Can we say to our mom also ğŸ˜‚ğŸ˜‚ğŸ˜‚ğŸ˜‚ğŸ˜‚,noise_only
7xTpz4f3bVE,$30 vs $300 Running Shoes,2023-06-28T21:05:08Z,UgxKgDkgKoJRUAWhmxF4AaABAg,2023-09-26T10:39:57Z,0,Crocs ğŸ’€,7,2,Crocs ğŸ’€,too_short_words
7xTpz4f3bVE,$30 vs $300 Running Shoes,2023-06-28T21:05:08Z,Ugx_AnB9G0pH4SODcYJ4AaABAg,2023-09-24T07:42:51Z,0,Bslc,4,1,Bslc,too_short_words
soNuGPsnl6M,Nike air Jordan 1 mid konna //my first Jordanâ€™s #telugu #jordan #nike #teluguvlogs #vsavlogs #shorts,2023-04-27T12:09:28Z,UgzKM8txNlfcZvjRvqZ4AaABAg,2025-08-31T14:33:02Z,0,Anna ni hairstyle is super anna WOW â¤â¤â¤â¤â¤â¤â¤,43,8,Anna ni hairstyle is super anna WOW â¤â¤â¤â¤â¤â¤â¤,noise_only
soNuGPsnl6M,Nike air Jordan 1 mid konna //my first Jordanâ€™s #telugu #jordan #nike #teluguvlogs #vsavlogs #shorts,2023-04-27T12:09:28Z,UgzJ91oRrY8l3udYzHx4AaABAg,2025-08-24T19:42:54Z,0,ğŸ˜‚,1,1,ğŸ˜‚,too_short
soNuGPsnl6M,Nike air Jordan 1 mid konna //my first Jordanâ€™s #telugu #jordan #nike #teluguvlogs #vsavlogs #shorts,2023-04-27T12:09:28Z,UgwLoMtrdAbVOoeQKU54AaABAg,2025-03-06T10:41:26Z,0,Hi,2,1,Hi,too_short
soNuGPsnl6M,Nike air Jordan 1 mid konna //my first Jordanâ€™s #telugu #jordan #nike #teluguvlogs #vsavlogs #shorts,2023-04-27T12:09:28Z,Ugx24h1ejKMWKeODgB54AaABAg,2024-11-04T11:05:11Z,0,GoodğŸ«‚,5,1,GoodğŸ«‚,too_short_words
soNuGPsnl6M,Nike air Jordan 1 mid konna //my first Jordanâ€™s #telugu #jordan #nike #teluguvlogs #vsavlogs #shorts,2023-04-27T12:09:28Z,Ugye6kHGvLivCdtuuEN4AaABAg,2024-10-22T06:32:01Z,0,Please cut hairâ¤â¤â¤â¤â¤â¤â¤â¤â¤â¤â¤â¤â¤,28,3,Please cut hairâ¤â¤â¤â¤â¤â¤â¤â¤â¤â¤â¤â¤â¤,noise_only
soNuGPsnl6M,Nike air Jordan 1 mid konna //my first Jordanâ€™s #telugu #jordan #nike #teluguvlogs #vsavlogs #shorts,2023-04-27T12:09:28Z,UgwU-IZX49jWrGhBmYt4AaABAg,2024-10-07T18:35:04Z,0,Bro naku oka doubt.... eppudu choosina edhokati iragade*****koni untav enti bro ğŸ˜‚,81,12,Bro naku oka doubt.... eppudu choosina edhokati iragade*****koni untav enti bro ğŸ˜‚,noise_only
soNuGPsnl6M,Nike air Jordan 1 mid konna //my first Jordanâ€™s #telugu #jordan #nike #teluguvlogs #vsavlogs #shorts,2023-04-27T12:09:28Z,Ugya9HvFmU9b_qhpTq14AaABAg,2024-09-13T08:21:26Z,1,Fire free shoes I like itğŸ˜ŠğŸ˜ŠğŸ˜ŠğŸ˜Šâ¤â¤â¤â¤â¤ğŸ˜Š,35,6,Fire free shoes I like itğŸ˜ŠğŸ˜ŠğŸ˜ŠğŸ˜Šâ¤â¤â¤â¤â¤ğŸ˜Š,noise_only
soNuGPsnl6M,Nike air Jordan 1 mid konna //my first Jordanâ€™s #telugu #jordan #nike #teluguvlogs #vsavlogs #shorts,2023-04-27T12:09:28Z,Ugz3fQ_NeT9hTfoox7d4AaABAg,2024-08-25T02:16:56Z,0,Ffplaye,7,1,Ffplaye,too_short_words
soNuGPsnl6M,Nike air Jordan 1 mid konna //my first Jordanâ€™s #telugu #jordan #nike #teluguvlogs #vsavlogs #shorts,2023-04-27T12:09:28Z,UgycKEepnAs7kp4PnG14AaABAg,2024-08-24T07:05:13Z,0,Cost,4,1,Cost,too_short_words
soNuGPsnl6M,Nike air Jordan 1 mid konna //my first Jordanâ€™s #telugu #jordan #nike #teluguvlogs #vsavlogs #shorts,2023-04-27T12:09:28Z,UgysiV9P2rgTpVtn4sB4AaABAg,2024-08-18T10:03:12Z,0,What happened to your handğŸ˜®ğŸ˜®ğŸ˜®ğŸ˜®ğŸ˜®ğŸ˜®ğŸ˜¢ğŸ˜¢ğŸ˜¢ğŸ˜¢ğŸ˜¢ğŸ˜¢ğŸ˜¢ğŸ˜¢ğŸ˜®ğŸ˜®ğŸ˜®ğŸ˜®ğŸ˜®ğŸ˜®ğŸ˜¢ğŸ˜®ğŸ˜¢ğŸ˜®ğŸ˜¢ğŸ˜®ğŸ˜¢ğŸ˜®ğŸ˜¢ğŸ˜®ğŸ˜¢ğŸ˜®ğŸ˜¢ğŸ˜®ğŸ˜¢ğŸ˜®ğŸ˜¢ğŸ˜®ğŸ˜¢ğŸ˜®,66,5,What happened to your handğŸ˜®ğŸ˜®ğŸ˜®ğŸ˜®ğŸ˜®ğŸ˜®ğŸ˜¢ğŸ˜¢ğŸ˜¢ğŸ˜¢ğŸ˜¢ğŸ˜¢ğŸ˜¢ğŸ˜¢ğŸ˜®ğŸ˜®ğŸ˜®ğŸ˜®ğŸ˜®ğŸ˜®ğŸ˜¢ğŸ˜®ğŸ˜¢ğŸ˜®ğŸ˜¢ğŸ˜®ğŸ˜¢ğŸ˜®ğŸ˜¢ğŸ˜®ğŸ˜¢ğŸ˜®ğŸ˜¢ğŸ˜®ğŸ˜¢ğŸ˜®ğŸ˜¢ğŸ˜®ğŸ˜¢ğŸ˜®,noise_only
soNuGPsnl6M,Nike air Jordan 1 mid konna //my first Jordanâ€™s #telugu #jordan #nike #teluguvlogs #vsavlogs #shorts,2023-04-27T12:09:28Z,UgyDbLuuTm_oG1QAPoZ4AaABAg,2024-08-10T05:56:59Z,0,Wow,3,1,Wow,too_short_words
soNuGPsnl6M,Nike air Jordan 1 mid konna //my first Jordanâ€™s #telugu #jordan #nike #teluguvlogs #vsavlogs #shorts,2023-04-27T12:09:28Z,UgzbpIJNN5aeRpAkSIF4AaABAg,2024-07-27T10:29:32Z,0,brown wireless mobile please annayamğŸ˜¢ğŸ˜¢ğŸ˜¢ğŸ˜¢ğŸ˜¢ğŸ˜®ğŸ˜®,43,5,brown wireless mobile please annayamğŸ˜¢ğŸ˜¢ğŸ˜¢ğŸ˜¢ğŸ˜¢ğŸ˜®ğŸ˜®,noise_only
soNuGPsnl6M,Nike air Jordan 1 mid konna //my first Jordanâ€™s #telugu #jordan #nike #teluguvlogs #vsavlogs #shorts,2023-04-27T12:09:28Z,UgxjIj5E5te2HwMW6GJ4AaABAg,2024-06-20T04:40:04Z,1,Mi smile super ğŸ‘ŒğŸ‘ŒğŸ‘ŒğŸ‘ŒğŸ‘ŒğŸ‘ŒğŸ‘Œ,22,4,Mi smile super ğŸ‘ŒğŸ‘ŒğŸ‘ŒğŸ‘ŒğŸ‘ŒğŸ‘ŒğŸ‘Œ,noise_only
soNuGPsnl6M,Nike air Jordan 1 mid konna //my first Jordanâ€™s #telugu #jordan #nike #teluguvlogs #vsavlogs #shorts,2023-04-27T12:09:28Z,Ugx1Ec0Ir0d_0Zm9m594AaABAg,2024-06-06T15:10:51Z,0,14,2,1,14,too_short
soNuGPsnl6M,Nike air Jordan 1 mid konna //my first Jordanâ€™s #telugu #jordan #nike #teluguvlogs #vsavlogs #shorts,2023-04-27T12:09:28Z,UgzC2LhK0matZKUn4QB4AaABAg,2024-06-01T14:40:14Z,0,Kothi,5,1,Kothi,too_short_words
soNuGPsnl6M,Nike air Jordan 1 mid konna //my first Jordanâ€™s #telugu #jordan #nike #teluguvlogs #vsavlogs #shorts,2023-04-27T12:09:28Z,Ugyjr_u2OMA0ox8tIVR4AaABAg,2024-05-22T03:18:19Z,0,iâ¤uğŸ˜˜ğŸ˜˜ğŸ˜,6,1,iâ¤uğŸ˜˜ğŸ˜˜ğŸ˜,too_short_words
soNuGPsnl6M,Nike air Jordan 1 mid konna //my first Jordanâ€™s #telugu #jordan #nike #teluguvlogs #vsavlogs #shorts,2023-04-27T12:09:28Z,UgyF3-xC7XWEBAiR25N4AaABAg,2024-05-22T03:17:41Z,0,Ii,2,1,Ii,too_short
soNuGPsnl6M,Nike air Jordan 1 mid konna //my first Jordanâ€™s #telugu #jordan #nike #teluguvlogs #vsavlogs #shorts,2023-04-27T12:09:28Z,UgxIy0jD5H8mXqUAJC94AaABAg,2024-05-17T04:39:51Z,1,3 lakhs shoes ğŸ˜…ğŸ˜…ğŸ˜…ğŸ˜…ğŸ˜…,19,4,3 lakhs shoes ğŸ˜…ğŸ˜…ğŸ˜…ğŸ˜…ğŸ˜…,noise_only
soNuGPsnl6M,Nike air Jordan 1 mid konna //my first Jordanâ€™s #telugu #jordan #nike #teluguvlogs #vsavlogs #shorts,2023-04-27T12:09:28Z,Ugwp4n3X3NQM8N6sS2B4AaABAg,2024-05-05T10:39:34Z,0,Anna nuvu husharu cinema lo Guitar vagistadu     eyy...... Nuvu vadi la uvuntavu Anna,85,13,Anna nuvu husharu cinema lo Guitar vagistadu eyy...... Nuvu vadi la uvuntavu Anna,noise_only
soNuGPsnl6M,Nike air Jordan 1 mid konna //my first Jordanâ€™s #telugu #jordan #nike #teluguvlogs #vsavlogs #shorts,2023-04-27T12:09:28Z,UgxPQ02iUjIsjHQ74EF4AaABAg,2024-05-03T04:11:17Z,0,Super   broğŸ˜ŠğŸ˜ŠğŸ˜ŠğŸ˜ŠğŸ˜ŠğŸ˜Šâ¤,18,2,Super broğŸ˜ŠğŸ˜ŠğŸ˜ŠğŸ˜ŠğŸ˜ŠğŸ˜Šâ¤,noise_only
soNuGPsnl6M,Nike air Jordan 1 mid konna //my first Jordanâ€™s #telugu #jordan #nike #teluguvlogs #vsavlogs #shorts,2023-04-27T12:09:28Z,Ugw6ZZmnEvJ_eoHlj054AaABAg,2024-04-24T07:24:47Z,1,â¤â¤â¤â¤â¤â¤â¤â¤â¤â¤â¤â¤â¤ this is for your x,32,6,â¤â¤â¤â¤â¤â¤â¤â¤â¤â¤â¤â¤â¤ this is for your x,noise_only
soNuGPsnl6M,Nike air Jordan 1 mid konna //my first Jordanâ€™s #telugu #jordan #nike #teluguvlogs #vsavlogs #shorts,2023-04-27T12:09:28Z,UgwnI2OpsFq9Q_xKE_14AaABAg,2024-04-01T16:03:07Z,0,SuperğŸ˜„ğŸ˜„ğŸ˜„ğŸ˜„ğŸ˜„ğŸ˜„ğŸ˜„ğŸ˜„ğŸ˜„ğŸ˜„ğŸ˜„ğŸ˜„ğŸ˜‰ğŸ˜‰ğŸ˜‰ğŸ˜‰ğŸ˜‰ğŸ˜‰ğŸ˜‰,24,1,SuperğŸ˜„ğŸ˜„ğŸ˜„ğŸ˜„ğŸ˜„ğŸ˜„ğŸ˜„ğŸ˜„ğŸ˜„ğŸ˜„ğŸ˜„ğŸ˜„ğŸ˜‰ğŸ˜‰ğŸ˜‰ğŸ˜‰ğŸ˜‰ğŸ˜‰ğŸ˜‰,noise_only
soNuGPsnl6M,Nike air Jordan 1 mid konna //my first Jordanâ€™s #telugu #jordan #nike #teluguvlogs #vsavlogs #shorts,2023-04-27T12:09:28Z,UgycAS4Z7eoS7382Id14AaABAg,2024-02-20T16:59:59Z,0,11000,5,1,11000,too_short_words
soNuGPsnl6M,Nike air Jordan 1 mid konna //my first Jordanâ€™s #telugu #jordan #nike #teluguvlogs #vsavlogs #shorts,2023-04-27T12:09:28Z,UgzPYqkUZkgrjoHBZjd4AaABAg,2024-01-27T14:56:46Z,0,I also think what owhatğŸ˜‚ğŸ˜‚ğŸ˜‚ğŸ˜‚ğŸ˜‚ğŸ˜‚ğŸ˜‚ğŸ˜‚ğŸ˜‚ğŸ˜‚,33,5,I also think what owhatğŸ˜‚ğŸ˜‚ğŸ˜‚ğŸ˜‚ğŸ˜‚ğŸ˜‚ğŸ˜‚ğŸ˜‚ğŸ˜‚ğŸ˜‚,noise_only
soNuGPsnl6M,Nike air Jordan 1 mid konna //my first Jordanâ€™s #telugu #jordan #nike #teluguvlogs #vsavlogs #shorts,2023-04-27T12:09:28Z,UgxAsaBZmXiO-iOxjgZ4AaABAg,2024-01-21T03:39:03Z,0,Calvin Klein ğŸ’œğŸ’œğŸ’œğŸ’œğŸ’œğŸ’œ,19,3,Calvin Klein ğŸ’œğŸ’œğŸ’œğŸ’œğŸ’œğŸ’œ,noise_only
soNuGPsnl6M,Nike air Jordan 1 mid konna //my first Jordanâ€™s #telugu #jordan #nike #teluguvlogs #vsavlogs #shorts,2023-04-27T12:09:28Z,UgzEGL7pER-SqQb1e9t4AaABAg,2024-01-15T09:01:15Z,0,I.   Have,9,2,I. Have,too_short_words
soNuGPsnl6M,Nike air Jordan 1 mid konna //my first Jordanâ€™s #telugu #jordan #nike #teluguvlogs #vsavlogs #shorts,2023-04-27T12:09:28Z,Ugy5XR0lTA_7aTK9vcV4AaABAg,2024-01-14T13:53:21Z,0,Hair a dust bin dene ne.   Telugu convertğŸ˜‚ğŸ˜‚ğŸ˜‚ğŸ˜‚ğŸ˜‚ğŸ˜‚ğŸ˜‚ğŸ˜‚ğŸ˜‚,50,8,Hair a dust bin dene ne. Telugu convertğŸ˜‚ğŸ˜‚ğŸ˜‚ğŸ˜‚ğŸ˜‚ğŸ˜‚ğŸ˜‚ğŸ˜‚ğŸ˜‚,noise_only
soNuGPsnl6M,Nike air Jordan 1 mid konna //my first Jordanâ€™s #telugu #jordan #nike #teluguvlogs #vsavlogs #shorts,2023-04-27T12:09:28Z,UgxwSo-Oa3nawcRt7WB4AaABAg,2023-12-15T01:58:07Z,0,Bro free fire lo same shoes unai,32,7,Bro free fire lo same shoes unai,spam_like
soNuGPsnl6M,Nike air Jordan 1 mid konna //my first Jordanâ€™s #telugu #jordan #nike #teluguvlogs #vsavlogs #shorts,2023-04-27T12:09:28Z,Ugyj0APoTiIGQOkDxEJ4AaABAg,2023-12-02T02:23:33Z,0,Free fire ekkiali bro,21,4,Free fire ekkiali bro,spam_like
soNuGPsnl6M,Nike air Jordan 1 mid konna //my first Jordanâ€™s #telugu #jordan #nike #teluguvlogs #vsavlogs #shorts,2023-04-27T12:09:28Z,UgwQbZoJxMwVr3YeML14AaABAg,2023-11-29T11:55:01Z,0,TydfkğŸ˜¢,6,1,TydfkğŸ˜¢,too_short_words
soNuGPsnl6M,Nike air Jordan 1 mid konna //my first Jordanâ€™s #telugu #jordan #nike #teluguvlogs #vsavlogs #shorts,2023-04-27T12:09:28Z,Ugz2HDkWGIsozeb550t4AaABAg,2023-11-28T14:00:50Z,0,Fdd,3,1,Fdd,too_short_words
soNuGPsnl6M,Nike air Jordan 1 mid konna //my first Jordanâ€™s #telugu #jordan #nike #teluguvlogs #vsavlogs #shorts,2023-04-27T12:09:28Z,UgwIMk5ds4B20IRsbDJ4AaABAg,2023-11-28T13:58:08Z,0,Hand,4,1,Hand,too_short_words
soNuGPsnl6M,Nike air Jordan 1 mid konna //my first Jordanâ€™s #telugu #jordan #nike #teluguvlogs #vsavlogs #shorts,2023-04-27T12:09:28Z,Ugwk2Tf1L5FUhLE-yel4AaABAg,2023-10-25T05:51:14Z,0,Anna   na  sice    also   12    anna    my   name   is    hansini    and   panduâ¤â¤â¤â¤â¤â¤â¤â¤â¤â¤â¤â¤â¤â¤â¤â¤â¤â¤â¤â¤     i  love   you   annaâ¤â¤â¤â¤â¤â¤â¤â¤ğŸ‰,134,16,Anna na sice also 12 anna my name is hansini and panduâ¤â¤â¤â¤â¤â¤â¤â¤â¤â¤â¤â¤â¤â¤â¤â¤â¤â¤â¤â¤ i love you annaâ¤â¤â¤â¤â¤â¤â¤â¤ğŸ‰,noise_only
soNuGPsnl6M,Nike air Jordan 1 mid konna //my first Jordanâ€™s #telugu #jordan #nike #teluguvlogs #vsavlogs #shorts,2023-04-27T12:09:28Z,UgzXHNNpGwOgHi8-6Fl4AaABAg,2023-10-24T08:00:33Z,0,13,2,1,13,too_short
soNuGPsnl6M,Nike air Jordan 1 mid konna //my first Jordanâ€™s #telugu #jordan #nike #teluguvlogs #vsavlogs #shorts,2023-04-27T12:09:28Z,Ugx40Tc-2CWH7Fj6uB54AaABAg,2023-10-17T16:12:00Z,0,Evadra nv erri pu***** nibba,28,5,Evadra nv erri pu***** nibba,noise_only
soNuGPsnl6M,Nike air Jordan 1 mid konna //my first Jordanâ€™s #telugu #jordan #nike #teluguvlogs #vsavlogs #shorts,2023-04-27T12:09:28Z,Ugyfiug8OBr6_0kgcWp4AaABAg,2023-10-06T15:28:28Z,0,Last lo anti ra leg pi ki peduthunavu .....over action ah .....nv ra nibba ğŸ˜‚,76,15,Last lo anti ra leg pi ki peduthunavu .....over action ah .....nv ra nibba ğŸ˜‚,noise_only
soNuGPsnl6M,Nike air Jordan 1 mid konna //my first Jordanâ€™s #telugu #jordan #nike #teluguvlogs #vsavlogs #shorts,2023-04-27T12:09:28Z,Ugz8v_rI4FoaXuqdGaZ4AaABAg,2023-09-22T07:55:43Z,0,à°·à°›à°·à°§à°·à°›à°§à°¬à°§à°·à°¬à°›à°³à°·à°›à°¸à°§à°¬à°›à°·à°¨à°¬à°›à°¬à°¨à°¬à°›à°¸à°¨à°¬à°›à°¸à°œà°¬à°§à°›à°¬à°¨à°¸à°œà°§à°¬à°¸à°œà°¬à°§à°¸à°œà°«à°§à°§à°¬à°§à°¬à°³à°¬à°¸à°œà°¬à°³à°¸à°œà°¬à°§à°¢à°§à°¸à°œà°¢à°¨à°¸à°œà°¸à°¨à°¬à°¸à°§à°¬à°µà°¸à°›à°¬à°§à°¬à°›à°¢à°¢à°µà°¸à°›à°¬à°§à°¢à°§à°¸à°›à°¢à°¨à°¬à°œà°¢à°§à°¸à°›à°³à°¢à°¸à°µà°¢à°œà°¸à°³à°¢à°¬à°œà°µà°¬à°œà°·à°¬à°§à±Šà°‚à°ˆà°‡à°‡à°¡à°à°¬à°à°¬à°¨à°¬à°¨à°¬à°œà°¸à°¬à°œà°¬à°§à°¸à°œà°¬à°¨à°¬à°œà°¬à°¬à°³à°¡à°¬à°§à°¸à°œà°¬à°§à°µà°¬à°¬à°›à°¬à°§à°¸à°³à°¬à°œà°¡à°¸à°œà°¬à°§à°¬à°§à°¸à±‹à°¬à°¨à°¬à°œà°¸à±‹à°¬à°œà°¸à±‹à°¡à°§à°¸à±‹à°¸à°œà°¸à°œà°¬à±‹à°¸à°¸à°œà°¬à°¨à°¡à°¬à°¨à°¸à°œà°¬à±‹à°—à°œà°¸à°œà°¸à±‹à°¬à°œà°¸à°¨à°¢à±Œà°¬à°œà°¸à±‹à°¬à°¨à°¡à±‹à°¬à°œà°¨à°¡à°œà°¬à°œà°¢à°³à°—à°¬à°œà°¸à°¨à°œà°¡à°œà°¸à°¨à°¬à±Œà°¡à°œà°¢à±‹à°¡à°”à°à°¸à°¨à°¡à°¸à°”à°¬à°¨à°¬à°¨à°¸à°³à°¬à°œà°¨à°¢à°¬à°œà°¬à°³à°¬à°œà°¸à°¬à°œà°¨à°¢à°œà°¸à°§à°¬à°¬à°§à°§à°¬à°³à°¡à°¨à°¬à°¬à°¨à°¬à°³à°¬à°¨à°¬à°¬à°§à°¬à°³à°¡à°³à°¬à°§à°¬à°¬à°¬à°¬à°¬à°¬à°¨à°³à°¬à°¨à°¬à°³à°¬à°³à°¬à°¬à°³à°¬à°³à°¬à°¡à°à°¬à°¨à°¬à°¸à°¨à°œà°¸à°¨à°¬à°à°¬à°¬à°ªà°à°¬à°ğŸ‰ğŸ‰ğŸ˜¢ğŸ˜¢ğŸ˜‚,352,1,à°·à°›à°·à°§à°·à°›à°§à°¬à°§à°·à°¬à°›à°³à°·à°›à°¸à°§à°¬à°›à°·à°¨à°¬à°›à°¬à°¨à°¬à°›à°¸à°¨à°¬à°›à°¸à°œà°¬à°§à°›à°¬à°¨à°¸à°œà°§à°¬à°¸à°œà°¬à°§à°¸à°œà°«à°§à°§à°¬à°§à°¬à°³à°¬à°¸à°œà°¬à°³à°¸à°œà°¬à°§à°¢à°§à°¸à°œà°¢à°¨à°¸à°œà°¸à°¨à°¬à°¸à°§à°¬à°µà°¸à°›à°¬à°§à°¬à°›à°¢à°¢à°µà°¸à°›à°¬à°§à°¢à°§à°¸à°›à°¢à°¨à°¬à°œà°¢à°§à°¸à°›à°³à°¢à°¸à°µà°¢à°œà°¸à°³à°¢à°¬à°œà°µà°¬à°œà°·à°¬à°§à±Šà°‚à°ˆà°‡à°‡à°¡à°à°¬à°à°¬à°¨à°¬à°¨à°¬à°œà°¸à°¬à°œà°¬à°§à°¸à°œà°¬à°¨à°¬à°œà°¬à°¬à°³à°¡à°¬à°§à°¸à°œà°¬à°§à°µà°¬à°¬à°›à°¬à°§à°¸à°³à°¬à°œà°¡à°¸à°œà°¬à°§à°¬à°§à°¸à±‹à°¬à°¨à°¬à°œà°¸à±‹à°¬à°œà°¸à±‹à°¡à°§à°¸à±‹à°¸à°œà°¸à°œà°¬à±‹à°¸à°¸à°œà°¬à°¨à°¡à°¬à°¨à°¸à°œà°¬à±‹à°—à°œà°¸à°œà°¸à±‹à°¬à°œà°¸à°¨à°¢à±Œà°¬à°œà°¸à±‹à°¬à°¨à°¡à±‹à°¬à°œà°¨à°¡à°œà°¬à°œà°¢à°³à°—à°¬à°œà°¸à°¨à°œà°¡à°œà°¸à°¨à°¬à±Œà°¡à°œà°¢à±‹à°¡à°”à°à°¸à°¨à°¡à°¸à°”à°¬à°¨à°¬à°¨à°¸à°³à°¬à°œà°¨à°¢à°¬à°œà°¬à°³à°¬à°œà°¸à°¬à°œà°¨à°¢à°œà°¸à°§à°¬à°¬à°§à°§à°¬à°³à°¡à°¨à°¬à°¬à°¨à°¬à°³à°¬à°¨à°¬à°¬à°§à°¬à°³à°¡à°³à°¬à°§à°¬à°¬à°¬à°¬à°¬à°¬à°¨à°³à°¬à°¨à°¬à°³à°¬à°³à°¬à°¬à°³à°¬à°³à°¬à°¡à°à°¬à°¨à°¬à°¸à°¨à°œà°¸à°¨à°¬à°à°¬à°¬à°ªà°à°¬à°ğŸ‰ğŸ‰ğŸ˜¢ğŸ˜¢ğŸ˜‚,noise_only
soNuGPsnl6M,Nike air Jordan 1 mid konna //my first Jordanâ€™s #telugu #jordan #nike #teluguvlogs #vsavlogs #shorts,2023-04-27T12:09:28Z,UgxbXIJt48Vmaxr3wIV4AaABAg,2023-09-21T22:11:20Z,0,Bro I have 9 Jordans!!!!!!,26,5,Bro I have 9 Jordans!!!!!!,noise_only
WisXCcVWqNc,Testing IShowSpeed&#39;s Love For Yeezy Foam Runners ğŸ¤” #shorts,2024-05-30T23:00:25Z,UgzpMbZ1qNGhbZ90xot4AaABAg,2025-09-14T10:09:39Z,0,ğŸ§¢,1,1,ğŸ§¢,too_short
WisXCcVWqNc,Testing IShowSpeed&#39;s Love For Yeezy Foam Runners ğŸ¤” #shorts,2024-05-30T23:00:25Z,UgyBppnS-TRXZB19QS14AaABAg,2025-06-27T20:27:11Z,0,Gngn,4,1,Gngn,too_short_words
WisXCcVWqNc,Testing IShowSpeed&#39;s Love For Yeezy Foam Runners ğŸ¤” #shorts,2024-05-30T23:00:25Z,UgzhKtptAn6Mby_qGyJ4AaABAg,2025-06-08T21:02:49Z,0,Shoes,5,1,Shoes,too_short_words
WisXCcVWqNc,Testing IShowSpeed&#39;s Love For Yeezy Foam Runners ğŸ¤” #shorts,2024-05-30T23:00:25Z,Ugw1Rgah1VDMPKhK4CN4AaABAg,2025-04-12T05:47:32Z,0,SickLot X Hardbone Crazyyyyyâ€¼ï¸ğŸ’¥ğŸš€ BANGERğŸ¥¶ğŸ¥¶ğŸ—£ï¸,43,5,SickLot X Hardbone Crazyyyyyâ€¼ï¸ğŸ’¥ğŸš€ BANGERğŸ¥¶ğŸ¥¶ğŸ—£ï¸,noise_only
WisXCcVWqNc,Testing IShowSpeed&#39;s Love For Yeezy Foam Runners ğŸ¤” #shorts,2024-05-30T23:00:25Z,Ugy3BdKqaAQp68oJYfN4AaABAg,2025-03-23T01:13:00Z,0,price,5,1,price,too_short_words
WisXCcVWqNc,Testing IShowSpeed&#39;s Love For Yeezy Foam Runners ğŸ¤” #shorts,2024-05-30T23:00:25Z,UgyzDOYTbaMCyLzgyrt4AaABAg,2025-03-02T19:59:55Z,0,NÃ£o...,6,1,NÃ£o...,too_short_words
WisXCcVWqNc,Testing IShowSpeed&#39;s Love For Yeezy Foam Runners ğŸ¤” #shorts,2024-05-30T23:00:25Z,UgwcMykPLTTTfxe85ER4AaABAg,2025-02-28T05:38:33Z,0,Yeezy 350 >>>>>>>>>>>>>>> All,29,4,Yeezy 350 >>>>>>>>>>>>>>> All,noise_only
WisXCcVWqNc,Testing IShowSpeed&#39;s Love For Yeezy Foam Runners ğŸ¤” #shorts,2024-05-30T23:00:25Z,UgwZYjSGMc94JJs6gU54AaABAg,2025-01-05T09:13:45Z,0,My,2,1,My,too_short
WisXCcVWqNc,Testing IShowSpeed&#39;s Love For Yeezy Foam Runners ğŸ¤” #shorts,2024-05-30T23:00:25Z,Ugzy2HlbBzv22MeLD_B4AaABAg,2024-11-16T08:59:17Z,0,nice,4,1,nice,too_short_words
WisXCcVWqNc,Testing IShowSpeed&#39;s Love For Yeezy Foam Runners ğŸ¤” #shorts,2024-05-30T23:00:25Z,Ugwg3azQCyfnsk0evdV4AaABAg,2024-11-08T22:15:13Z,0,Lol,3,1,Lol,too_short_words
WisXCcVWqNc,Testing IShowSpeed&#39;s Love For Yeezy Foam Runners ğŸ¤” #shorts,2024-05-30T23:00:25Z,Ugx801JGpIn9HeiDaAZ4AaABAg,2024-08-26T14:11:50Z,4,Foam runner is a lot better than most shoes cause your feet can actually breathe while wearing it just sucks at hot places though if it rain you can just remove your socks and feel free to step on water dries a lot faster too,225,45,Foam runner is a lot better than most shoes cause your feet can actually breathe while wearing it just sucks at hot places though if it rain you can just remove your socks and feel free to step on water dries a lot faster too,spam_like
WisXCcVWqNc,Testing IShowSpeed&#39;s Love For Yeezy Foam Runners ğŸ¤” #shorts,2024-05-30T23:00:25Z,UgzaruVtCLUrnHqRLe54AaABAg,2024-08-25T06:19:37Z,1,Gay,3,1,Gay,too_short_words
WisXCcVWqNc,Testing IShowSpeed&#39;s Love For Yeezy Foam Runners ğŸ¤” #shorts,2024-05-30T23:00:25Z,Ugy8ACYci5PtBnFfcLR4AaABAg,2024-08-24T20:31:29Z,0,Messi,5,1,Messi,too_short_words
WisXCcVWqNc,Testing IShowSpeed&#39;s Love For Yeezy Foam Runners ğŸ¤” #shorts,2024-05-30T23:00:25Z,UgzHok3KNlIOKLbcU4B4AaABAg,2024-08-12T22:35:47Z,0,#ishowspeed,11,1,#ishowspeed,noise_only
WisXCcVWqNc,Testing IShowSpeed&#39;s Love For Yeezy Foam Runners ğŸ¤” #shorts,2024-05-30T23:00:25Z,Ugwtfvy-db1HuLR1eSx4AaABAg,2024-08-09T12:00:08Z,0,So we know you love foam runners... but we're making a video... so...drrrrr!,76,13,So we know you love foam runners... but we're making a video... so...drrrrr!,noise_only
WisXCcVWqNc,Testing IShowSpeed&#39;s Love For Yeezy Foam Runners ğŸ¤” #shorts,2024-05-30T23:00:25Z,Ugzmp7HBuGPEiEYjFO54AaABAg,2024-08-07T21:14:26Z,0,His love for foamru**......... Cr7 is true â¤,44,8,His love for foamru**......... Cr7 is true â¤,noise_only
WisXCcVWqNc,Testing IShowSpeed&#39;s Love For Yeezy Foam Runners ğŸ¤” #shorts,2024-05-30T23:00:25Z,UgzlHqAdFYK2kHN5hCJ4AaABAg,2024-07-27T13:08:49Z,0,Glazing,7,1,Glazing,too_short_words
WisXCcVWqNc,Testing IShowSpeed&#39;s Love For Yeezy Foam Runners ğŸ¤” #shorts,2024-05-30T23:00:25Z,UgyGtYJL0i2ZwQgNdc94AaABAg,2024-07-26T22:01:25Z,1,Nooooo Way I just watch the video where someone gave them the Ronaldo shoes ğŸ˜…ğŸ˜‚ğŸ˜‚,79,15,Nooooo Way I just watch the video where someone gave them the Ronaldo shoes ğŸ˜…ğŸ˜‚ğŸ˜‚,noise_only
WisXCcVWqNc,Testing IShowSpeed&#39;s Love For Yeezy Foam Runners ğŸ¤” #shorts,2024-05-30T23:00:25Z,Ugz-efiPCqIDeIJ-ueB4AaABAg,2024-07-19T09:46:44Z,0,Good,4,1,Good,too_short_words
WisXCcVWqNc,Testing IShowSpeed&#39;s Love For Yeezy Foam Runners ğŸ¤” #shorts,2024-05-30T23:00:25Z,Ugww9blCPMlN-bqGbih4AaABAg,2024-07-17T14:19:14Z,0,1,1,1,1,too_short
WisXCcVWqNc,Testing IShowSpeed&#39;s Love For Yeezy Foam Runners ğŸ¤” #shorts,2024-05-30T23:00:25Z,UgwoMt8opgYGA8m-vUR4AaABAg,2024-07-17T14:19:00Z,0,Ù¡,1,1,Ù¡,too_short
WisXCcVWqNc,Testing IShowSpeed&#39;s Love For Yeezy Foam Runners ğŸ¤” #shorts,2024-05-30T23:00:25Z,UgzeZ6m4e78MY42WcPl4AaABAg,2024-06-26T10:09:09Z,0,Cr7 siuuuuu,11,2,Cr7 siuuuuu,noise_only
WisXCcVWqNc,Testing IShowSpeed&#39;s Love For Yeezy Foam Runners ğŸ¤” #shorts,2024-05-30T23:00:25Z,UgznuDQsX9GN8CYw8ux4AaABAg,2024-06-25T18:10:28Z,0,levi,4,1,levi,too_short_words
WisXCcVWqNc,Testing IShowSpeed&#39;s Love For Yeezy Foam Runners ğŸ¤” #shorts,2024-05-30T23:00:25Z,UgzEuq2NGQxgUFYBFNZ4AaABAg,2024-06-13T14:06:59Z,0,Capping,7,1,Capping,too_short_words
WisXCcVWqNc,Testing IShowSpeed&#39;s Love For Yeezy Foam Runners ğŸ¤” #shorts,2024-05-30T23:00:25Z,UgycP1v2A9H2UDcZ5yR4AaABAg,2024-06-11T00:48:22Z,0,Be wanted to say ronaldo runner so badğŸ˜‚ğŸ˜‚ğŸ˜‚ğŸ˜‚ğŸ˜‚,43,8,Be wanted to say ronaldo runner so badğŸ˜‚ğŸ˜‚ğŸ˜‚ğŸ˜‚ğŸ˜‚,noise_only
WisXCcVWqNc,Testing IShowSpeed&#39;s Love For Yeezy Foam Runners ğŸ¤” #shorts,2024-05-30T23:00:25Z,Ugwol1fkGpVWh0a7vCt4AaABAg,2024-06-10T11:27:21Z,0,Nike slides alllllll dayyyyyy,29,4,Nike slides alllllll dayyyyyy,noise_only
WisXCcVWqNc,Testing IShowSpeed&#39;s Love For Yeezy Foam Runners ğŸ¤” #shorts,2024-05-30T23:00:25Z,Ugxsa9cbkIdroeiq39Z4AaABAg,2024-06-09T01:38:39Z,0,Foam runners r sooooo dumb,26,5,Foam runners r sooooo dumb,noise_only
WisXCcVWqNc,Testing IShowSpeed&#39;s Love For Yeezy Foam Runners ğŸ¤” #shorts,2024-05-30T23:00:25Z,UgyRSxI1vUXFGkE7wZp4AaABAg,2024-06-08T23:58:49Z,1,Foam runners or the the shoes *kai cenat* got on his stream?......hell nahhğŸ˜­ğŸ˜‚,77,13,Foam runners or the the shoes *kai cenat* got on his stream?......hell nahhğŸ˜­ğŸ˜‚,noise_only
WisXCcVWqNc,Testing IShowSpeed&#39;s Love For Yeezy Foam Runners ğŸ¤” #shorts,2024-05-30T23:00:25Z,UgzD3W6VLM4magkuwDh4AaABAg,2024-06-08T20:54:06Z,1,"Been rocking foam runners for a while now.. always got chirped, if I see someone who hated rocking them now theyâ€™re getting it ğŸ˜‚ğŸ˜‚ğŸ˜‚ğŸ˜‚ğŸ˜‚",132,24,"Been rocking foam runners for a while now.. always got chirped, if I see someone who hated rocking them now theyâ€™re getting it ğŸ˜‚ğŸ˜‚ğŸ˜‚ğŸ˜‚ğŸ˜‚",noise_only
WisXCcVWqNc,Testing IShowSpeed&#39;s Love For Yeezy Foam Runners ğŸ¤” #shorts,2024-05-30T23:00:25Z,UgzQ3Hzxr3lxdeYFsm94AaABAg,2024-06-08T20:38:14Z,0,First time see speed so calm thats insaaaaane,45,8,First time see speed so calm thats insaaaaane,noise_only
WisXCcVWqNc,Testing IShowSpeed&#39;s Love For Yeezy Foam Runners ğŸ¤” #shorts,2024-05-30T23:00:25Z,UgxxA_ZNN8oBAyvrCC14AaABAg,2024-06-07T07:23:22Z,0,Bro WHATTTTT??? Foam runners are soooo ugly n sickening. I'd never wear them unless I got them for free.  I honestly wouldn't even buy a pair of foam runners for a dollar. Very ugly n absolutely zero support for a humans feet n arches.,235,44,Bro WHATTTTT??? Foam runners are soooo ugly n sickening. I'd never wear them unless I got them for free. I honestly wouldn't even buy a pair of foam runners for a dollar. Very ugly n absolutely zero support for a humans feet n arches.,noise_only
WisXCcVWqNc,Testing IShowSpeed&#39;s Love For Yeezy Foam Runners ğŸ¤” #shorts,2024-05-30T23:00:25Z,UgxcfGSkDsXFOoyNuNZ4AaABAg,2024-06-06T00:57:42Z,0,HELL NAW AF1S ALL DAY!!!!!....mid top wit the straps cant go wrong wit any fit,78,15,HELL NAW AF1S ALL DAY!!!!!....mid top wit the straps cant go wrong wit any fit,noise_only
WisXCcVWqNc,Testing IShowSpeed&#39;s Love For Yeezy Foam Runners ğŸ¤” #shorts,2024-05-30T23:00:25Z,UgyLyO2FnO6sKB6M6X54AaABAg,2024-06-06T00:54:11Z,0,Yea,3,1,Yea,too_short_words
WisXCcVWqNc,Testing IShowSpeed&#39;s Love For Yeezy Foam Runners ğŸ¤” #shorts,2024-05-30T23:00:25Z,Ugz4sFmNdqyhLgr6w894AaABAg,2024-06-05T17:41:46Z,0,Yo,2,1,Yo,too_short
9Y46Sev0BAY,a HUGE failure! YEEZY foam runners caused me to bleed and blister!,2023-04-11T17:30:01Z,UgyvPlvZL6x3RTpAD414AaABAg,2025-09-24T19:49:04Z,0,Moche,5,1,Moche,too_short_words
9Y46Sev0BAY,a HUGE failure! YEEZY foam runners caused me to bleed and blister!,2023-04-11T17:30:01Z,Ugx3jxiKbyvzrgE5TN94AaABAg,2025-07-16T11:38:22Z,0,Moronic,7,1,Moronic,too_short_words
9Y46Sev0BAY,a HUGE failure! YEEZY foam runners caused me to bleed and blister!,2023-04-11T17:30:01Z,UgzNc2ZHs2okdKs0Th94AaABAg,2025-06-29T22:11:29Z,0,StewwwwwwwwwwwwwwwwwwwwğŸ˜‚ğŸ˜‚ğŸ˜‚ğŸ˜‚ğŸ˜‚ğŸ˜‚ğŸ˜‚ğŸ˜‚you a hater to the brand  and you must have walk for too long ğŸ˜‚ğŸ˜‚ğŸ˜‚ğŸ˜‚ğŸ˜‚ğŸ˜‚it goodğŸ˜‚ğŸ˜‚ğŸ˜‚ğŸ˜‚ğŸ˜‚ğŸ˜‚ğŸ˜‚ğŸ˜‚ğŸ˜‚ğŸ˜‚,116,16,StewwwwwwwwwwwwwwwwwwwwğŸ˜‚ğŸ˜‚ğŸ˜‚ğŸ˜‚ğŸ˜‚ğŸ˜‚ğŸ˜‚ğŸ˜‚you a hater to the brand and you must have walk for too long ğŸ˜‚ğŸ˜‚ğŸ˜‚ğŸ˜‚ğŸ˜‚ğŸ˜‚it goodğŸ˜‚ğŸ˜‚ğŸ˜‚ğŸ˜‚ğŸ˜‚ğŸ˜‚ğŸ˜‚ğŸ˜‚ğŸ˜‚ğŸ˜‚,noise_only
9Y46Sev0BAY,a HUGE failure! YEEZY foam runners caused me to bleed and blister!,2023-04-11T17:30:01Z,Ugy1bjUxEL5sF3sl1Sp4AaABAg,2025-06-14T09:57:29Z,0,Bro ğŸ˜‚,5,2,Bro ğŸ˜‚,too_short_words
9Y46Sev0BAY,a HUGE failure! YEEZY foam runners caused me to bleed and blister!,2023-04-11T17:30:01Z,UgwIQTzqC918m0QNWp94AaABAg,2025-05-27T02:08:26Z,0,ğŸ˜‚ğŸ˜‚ğŸ˜‚ğŸ˜‚ğŸ˜‚ without socks i wouldnt wear ths sssht..ğŸ˜‚ğŸ˜‚ğŸ˜‚ğŸ˜‚,50,8,ğŸ˜‚ğŸ˜‚ğŸ˜‚ğŸ˜‚ğŸ˜‚ without socks i wouldnt wear ths sssht..ğŸ˜‚ğŸ˜‚ğŸ˜‚ğŸ˜‚,noise_only
9Y46Sev0BAY,a HUGE failure! YEEZY foam runners caused me to bleed and blister!,2023-04-11T17:30:01Z,UgwButkuPKRpGJYXFqp4AaABAg,2025-03-15T17:55:04Z,0,"""PUSHES WHAT WE KNOW IS NORMAL"".....YOU KNOW WHAT THEY SAY A FOOL AND HIS MONEY IS EASILY PARTED....AHEM AHEM",109,19,"""PUSHES WHAT WE KNOW IS NORMAL"".....YOU KNOW WHAT THEY SAY A FOOL AND HIS MONEY IS EASILY PARTED....AHEM AHEM",noise_only
9Y46Sev0BAY,a HUGE failure! YEEZY foam runners caused me to bleed and blister!,2023-04-11T17:30:01Z,UgyhE7apfPcrmwyPlF54AaABAg,2025-02-02T21:50:48Z,0,Uaf!!!,6,1,Uaf!!!,too_short_words
9Y46Sev0BAY,a HUGE failure! YEEZY foam runners caused me to bleed and blister!,2023-04-11T17:30:01Z,Ugx16ki0JpqpIq96eb54AaABAg,2024-10-08T01:30:23Z,0,GARBAGE,7,1,GARBAGE,too_short_words
9Y46Sev0BAY,a HUGE failure! YEEZY foam runners caused me to bleed and blister!,2023-04-11T17:30:01Z,UgwmDIPUsNOxkxN7ii14AaABAg,2024-08-06T18:33:30Z,0,No duh you are going down a sand duneğŸ˜‚ğŸ˜‚ğŸ˜‚ğŸ˜‚ğŸ˜‚,42,9,No duh you are going down a sand duneğŸ˜‚ğŸ˜‚ğŸ˜‚ğŸ˜‚ğŸ˜‚,noise_only
9Y46Sev0BAY,a HUGE failure! YEEZY foam runners caused me to bleed and blister!,2023-04-11T17:30:01Z,Ugwn4pYicGdl-hbijo94AaABAg,2024-07-23T15:31:49Z,0,ğŸ¤¦,1,1,ğŸ¤¦,too_short
9Y46Sev0BAY,a HUGE failure! YEEZY foam runners caused me to bleed and blister!,2023-04-11T17:30:01Z,UgwaAnP0mAYo1Scvxjx4AaABAg,2024-06-12T09:10:07Z,0,Lotion?,7,1,Lotion?,too_short_words
9Y46Sev0BAY,a HUGE failure! YEEZY foam runners caused me to bleed and blister!,2023-04-11T17:30:01Z,Ugyp6jyKCu87iaD4gKN4AaABAg,2024-06-08T01:58:58Z,0,Bruh..... You are really drinking the Kool-Aid if you thought these glorified Walmart shower shoes were going to be suitable to wear through the desert ğŸ˜‚,153,26,Bruh..... You are really drinking the Kool-Aid if you thought these glorified Walmart shower shoes were going to be suitable to wear through the desert ğŸ˜‚,noise_only
9Y46Sev0BAY,a HUGE failure! YEEZY foam runners caused me to bleed and blister!,2023-04-11T17:30:01Z,UgwEv9rmv5uFqw9m2eJ4AaABAg,2024-03-28T21:51:18Z,0,Hi,2,1,Hi,too_short
9Y46Sev0BAY,a HUGE failure! YEEZY foam runners caused me to bleed and blister!,2023-04-11T17:30:01Z,UgxQ_C4UQrOmAcEe-A94AaABAg,2024-03-16T14:09:06Z,0,Wuss...,7,1,Wuss...,too_short_words
9Y46Sev0BAY,a HUGE failure! YEEZY foam runners caused me to bleed and blister!,2023-04-11T17:30:01Z,Ugx-SSi6O0QUSGpPqTl4AaABAg,2024-01-18T15:55:51Z,0,Exactly,7,1,Exactly,too_short_words
9Y46Sev0BAY,a HUGE failure! YEEZY foam runners caused me to bleed and blister!,2023-04-11T17:30:01Z,UgyEXxgkI374wR3s-sR4AaABAg,2023-10-26T23:00:15Z,0,Just weâ€™re fucking socks not that fuking hard bruhğŸ˜‚ğŸ˜‚ğŸ˜‚ğŸ˜‚ğŸ˜‚ğŸ˜‚,56,9,Just weâ€™re fucking socks not that fuking hard bruhğŸ˜‚ğŸ˜‚ğŸ˜‚ğŸ˜‚ğŸ˜‚ğŸ˜‚,noise_only
9Y46Sev0BAY,a HUGE failure! YEEZY foam runners caused me to bleed and blister!,2023-04-11T17:30:01Z,UgytBUGhUGL0l16_rTR4AaABAg,2023-10-11T14:06:22Z,0,throw them in the dryer for 5 min and then put them on while they are warm. that fixes this problem......,105,21,throw them in the dryer for 5 min and then put them on while they are warm. that fixes this problem......,noise_only
9Y46Sev0BAY,a HUGE failure! YEEZY foam runners caused me to bleed and blister!,2023-04-11T17:30:01Z,UgwfByJxQ3te2mW5ED54AaABAg,2023-10-08T00:43:14Z,0,Dumb,4,1,Dumb,too_short_words
9Y46Sev0BAY,a HUGE failure! YEEZY foam runners caused me to bleed and blister!,2023-04-11T17:30:01Z,UgxdzMGXsd8H1u3bmRh4AaABAg,2023-09-26T22:07:08Z,0,Hiya!,5,1,Hiya!,too_short_words
9Y46Sev0BAY,a HUGE failure! YEEZY foam runners caused me to bleed and blister!,2023-04-11T17:30:01Z,UgzhCUnSx5rwPkEiygJ4AaABAg,2023-09-23T19:53:06Z,0,Shit ğŸ˜,6,2,Shit ğŸ˜,too_short_words
